/*
Navicat MySQL Data Transfer

Source Server         : Localhost
Source Server Version : 50724
Source Host           : localhost:3306
Source Database       : ean

Target Server Type    : MYSQL
Target Server Version : 50724
File Encoding         : 65001

Date: 2020-12-06 22:04:24
*/

SET FOREIGN_KEY_CHECKS=0;

-- ----------------------------
-- Table structure for lugares
-- ----------------------------
DROP TABLE IF EXISTS `lugares`;
CREATE TABLE `lugares` (
  `id` int(11) NOT NULL AUTO_INCREMENT,
  `lugar` varchar(255) COLLATE utf8mb4_unicode_ci NOT NULL,
  `created_at` timestamp NOT NULL DEFAULT CURRENT_TIMESTAMP,
  `updated_at` timestamp NOT NULL DEFAULT CURRENT_TIMESTAMP ON UPDATE CURRENT_TIMESTAMP,
  PRIMARY KEY (`id`) USING BTREE
) ENGINE=InnoDB AUTO_INCREMENT=152 DEFAULT CHARSET=utf8mb4 COLLATE=utf8mb4_unicode_ci ROW_FORMAT=COMPACT;

-- ----------------------------
-- Records of lugares
-- ----------------------------
INSERT INTO `lugares` VALUES ('5', 'ADMISIONES', '2020-12-04 11:02:57', '2020-12-04 11:02:57');
INSERT INTO `lugares` VALUES ('6', 'INFRAESTRUCTURA', '2020-12-04 11:02:57', '2020-12-04 11:02:57');
INSERT INTO `lugares` VALUES ('7', 'BIBLIOTECA SANTILLANA SALA_V', '2020-12-04 11:02:57', '2020-12-04 11:02:57');
INSERT INTO `lugares` VALUES ('8', 'REGISTRO', '2020-12-04 11:02:57', '2020-12-04 11:02:57');
INSERT INTO `lugares` VALUES ('9', 'MERCADEO', '2020-12-04 11:02:57', '2020-12-04 11:02:57');
INSERT INTO `lugares` VALUES ('10', 'ESCUELA DE ODONTOLOGIA', '2020-12-04 11:02:57', '2020-12-04 11:02:57');
INSERT INTO `lugares` VALUES ('11', 'ESCUELA DE DERECHO', '2020-12-04 11:02:57', '2020-12-04 11:02:57');
INSERT INTO `lugares` VALUES ('12', 'ESCUELA DE EANI', '2020-12-04 11:02:57', '2020-12-04 11:02:57');
INSERT INTO `lugares` VALUES ('13', 'ESCUELA DE CONTADURIA', '2020-12-04 11:02:57', '2020-12-04 11:02:57');
INSERT INTO `lugares` VALUES ('14', 'ESCUELA DE MEDICINA', '2020-12-04 11:02:57', '2020-12-04 11:02:57');
INSERT INTO `lugares` VALUES ('15', 'ESCUELA DE NUTRICIÓN', '2020-12-04 11:02:57', '2020-12-04 11:02:57');
INSERT INTO `lugares` VALUES ('16', 'ESCUELA DE BIOLOGÍA MARINA', '2020-12-04 11:02:57', '2020-12-04 11:02:57');
INSERT INTO `lugares` VALUES ('17', 'ESCUELA DE INGENIERÍA DE SISTEMAS', '2020-12-04 11:02:57', '2020-12-04 11:02:57');
INSERT INTO `lugares` VALUES ('18', 'ESCUELA DE INGENIERÍA INDUSTRIAL', '2020-12-04 11:02:57', '2020-12-04 11:02:57');
INSERT INTO `lugares` VALUES ('19', 'ESCUELA DE ENFERMERÍA', '2020-12-04 11:02:57', '2020-12-04 11:02:57');
INSERT INTO `lugares` VALUES ('20', 'ESCUELA DE OPTOMETRIA', '2020-12-04 11:02:57', '2020-12-04 11:02:57');
INSERT INTO `lugares` VALUES ('21', 'ESCUELA DE PSICOLOGÍA', '2020-12-04 11:02:57', '2020-12-04 11:02:57');
INSERT INTO `lugares` VALUES ('22', 'BIENESTAR PLAZA', '2020-12-04 11:02:57', '2020-12-04 11:02:57');
INSERT INTO `lugares` VALUES ('23', 'GIMNASIO', '2020-12-04 11:02:57', '2020-12-04 11:02:57');
INSERT INTO `lugares` VALUES ('24', 'BIBLIOTECA PLAZA COLON', '2020-12-04 11:02:57', '2020-12-04 11:02:57');
INSERT INTO `lugares` VALUES ('25', 'CAFETERÍA PLAZA COLON', '2020-12-04 11:02:57', '2020-12-04 11:02:57');
INSERT INTO `lugares` VALUES ('26', 'AUDIOVISUALES PLAZA COLON', '2020-12-04 11:02:57', '2020-12-04 11:02:57');
INSERT INTO `lugares` VALUES ('27', 'CRÉDITO Y CARTERA OF.', '2020-12-04 11:02:57', '2020-12-04 11:02:57');
INSERT INTO `lugares` VALUES ('28', 'CRÉDITO Y CARTERA AUX1', '2020-12-04 11:02:57', '2020-12-04 11:02:57');
INSERT INTO `lugares` VALUES ('29', 'CRÉDITO Y CARTERA AUX2', '2020-12-04 11:02:57', '2020-12-04 11:02:57');
INSERT INTO `lugares` VALUES ('30', 'CRÉDITO Y CARTERA AUX3', '2020-12-04 11:02:57', '2020-12-04 11:02:57');
INSERT INTO `lugares` VALUES ('31', 'REGISTRO_1', '2020-12-04 11:02:57', '2020-12-04 11:02:57');
INSERT INTO `lugares` VALUES ('32', 'REGISTRO_2', '2020-12-04 11:02:57', '2020-12-04 11:02:57');
INSERT INTO `lugares` VALUES ('33', 'FINANCIERA', '2020-12-04 11:02:57', '2020-12-04 11:02:57');
INSERT INTO `lugares` VALUES ('34', 'MERCADEO Y COMUNICACIONES 1', '2020-12-04 11:02:57', '2020-12-04 11:02:57');
INSERT INTO `lugares` VALUES ('35', 'MERCADEO Y COMUNICACIONES 2', '2020-12-04 11:02:57', '2020-12-04 11:02:57');
INSERT INTO `lugares` VALUES ('36', 'MERCADEO Y COMUNICACIONES 3', '2020-12-04 11:02:57', '2020-12-04 11:02:57');
INSERT INTO `lugares` VALUES ('37', 'MERCADEO Y COMUNICACIONES 4', '2020-12-04 11:02:57', '2020-12-04 11:02:57');
INSERT INTO `lugares` VALUES ('38', 'MERCADEO Y COMUNICACIONES 5', '2020-12-04 11:02:57', '2020-12-04 11:02:57');
INSERT INTO `lugares` VALUES ('39', 'MERCADEO Y COMUNICACIONES 6', '2020-12-04 11:02:57', '2020-12-04 11:02:57');
INSERT INTO `lugares` VALUES ('40', 'MERCADEO Y COMUNICACIONES 7', '2020-12-04 11:02:57', '2020-12-04 11:02:57');
INSERT INTO `lugares` VALUES ('41', 'MERCADEO Y COMUNICACIONES 8', '2020-12-04 11:02:57', '2020-12-04 11:02:57');
INSERT INTO `lugares` VALUES ('42', 'MERCADEO Y COMUNICACIONES 9', '2020-12-04 11:02:57', '2020-12-04 11:02:57');
INSERT INTO `lugares` VALUES ('43', 'MERCADEO Y COMUNICACIONES 10', '2020-12-04 11:02:57', '2020-12-04 11:02:57');
INSERT INTO `lugares` VALUES ('44', 'MERCADEO Y COMUNICACIONES 11', '2020-12-04 11:02:57', '2020-12-04 11:02:57');
INSERT INTO `lugares` VALUES ('45', 'MERCADEO Y COMUNICACIONES 12', '2020-12-04 11:02:57', '2020-12-04 11:02:57');
INSERT INTO `lugares` VALUES ('46', 'MERCADEO Y COMUNICACIONES 13', '2020-12-04 11:02:57', '2020-12-04 11:02:57');
INSERT INTO `lugares` VALUES ('47', 'BAÑO 2 PLAZA MUJER', '2020-12-04 11:02:57', '2020-12-04 11:02:57');
INSERT INTO `lugares` VALUES ('48', 'BAÑO 2 PLAZA HOMBRE', '2020-12-04 11:02:57', '2020-12-04 11:02:57');
INSERT INTO `lugares` VALUES ('49', 'BAÑO GIMNASIO MUJER', '2020-12-04 11:02:57', '2020-12-04 11:02:57');
INSERT INTO `lugares` VALUES ('50', 'BAÑO GIMNASIO HOMBRE', '2020-12-04 11:02:57', '2020-12-04 11:02:57');
INSERT INTO `lugares` VALUES ('51', 'BIENESTAR SANTILLANA OFICINA', '2020-12-04 11:02:57', '2020-12-04 11:02:57');
INSERT INTO `lugares` VALUES ('52', 'BIENESTAR SANTILLANA PSICOLOGIA1', '2020-12-04 11:02:57', '2020-12-04 11:02:57');
INSERT INTO `lugares` VALUES ('53', 'BIENESTAR SANTILLANA PSICOLOGIA2', '2020-12-04 11:02:57', '2020-12-04 11:02:57');
INSERT INTO `lugares` VALUES ('54', 'BIENESTAR SANTILLANA CULTURA', '2020-12-04 11:02:57', '2020-12-04 11:02:57');
INSERT INTO `lugares` VALUES ('55', 'BIENESTAR SANTILLANA DEPORTE1', '2020-12-04 11:02:57', '2020-12-04 11:02:57');
INSERT INTO `lugares` VALUES ('56', 'BIENESTAR SANTILLANA DEPORTE2', '2020-12-04 11:02:57', '2020-12-04 11:02:57');
INSERT INTO `lugares` VALUES ('57', 'BIENESTAR SANTILLANA DEPORTE3', '2020-12-04 11:02:57', '2020-12-04 11:02:57');
INSERT INTO `lugares` VALUES ('58', 'BIENESTAR SANTILLANA DEPORTE4', '2020-12-04 11:02:57', '2020-12-04 11:02:57');
INSERT INTO `lugares` VALUES ('59', 'BIBLIOTECA SANTILLANA CAP E INDU', '2020-12-04 11:02:57', '2020-12-04 11:02:57');
INSERT INTO `lugares` VALUES ('60', 'BIBLIOTECA SANTILLANA PRESTAMOS', '2020-12-04 11:02:57', '2020-12-04 11:02:57');
INSERT INTO `lugares` VALUES ('61', 'INVESTIGACIONES', '2020-12-04 11:02:57', '2020-12-04 11:02:57');
INSERT INTO `lugares` VALUES ('62', 'AUDIOVISUALES SANTILLANA CARNET', '2020-12-04 11:02:57', '2020-12-04 11:02:57');
INSERT INTO `lugares` VALUES ('63', 'AUDIOVISUALES SANTILLANA PRESTAMOS', '2020-12-04 11:02:57', '2020-12-04 11:02:57');
INSERT INTO `lugares` VALUES ('64', 'AUDIOVISUALES CASITA PRESTAMOS', '2020-12-04 11:02:57', '2020-12-04 11:02:57');
INSERT INTO `lugares` VALUES ('65', 'FORMACIÓN ACADÉMICA', '2020-12-04 11:02:57', '2020-12-04 11:02:57');
INSERT INTO `lugares` VALUES ('66', 'BAÑO CASITA MUJER', '2020-12-04 11:02:57', '2020-12-04 11:02:57');
INSERT INTO `lugares` VALUES ('67', 'BAÑO CASITA HOMBRE', '2020-12-04 11:02:57', '2020-12-04 11:02:57');
INSERT INTO `lugares` VALUES ('68', 'INTERNACIONALIZACIÓN', '2020-12-04 11:02:57', '2020-12-04 11:02:57');
INSERT INTO `lugares` VALUES ('69', 'CAFETERÍA SANTILLANA 1', '2020-12-04 11:02:57', '2020-12-04 11:02:57');
INSERT INTO `lugares` VALUES ('70', 'CAFETERÍA SANTILLANA 2', '2020-12-04 11:02:57', '2020-12-04 11:02:57');
INSERT INTO `lugares` VALUES ('71', 'BAÑO COCI MUJER', '2020-12-04 11:02:57', '2020-12-04 11:02:57');
INSERT INTO `lugares` VALUES ('72', 'BAÑO COCI HOMBRE', '2020-12-04 11:02:57', '2020-12-04 11:02:57');
INSERT INTO `lugares` VALUES ('73', 'BAÑO SANTI BIBLIO MUJER', '2020-12-04 11:02:57', '2020-12-04 11:02:57');
INSERT INTO `lugares` VALUES ('74', 'BAÑO SANTI BIBLIO HOMBRE', '2020-12-04 11:02:57', '2020-12-04 11:02:57');
INSERT INTO `lugares` VALUES ('75', 'BAÑO SANTI 2 HOMBRE', '2020-12-04 11:02:57', '2020-12-04 11:02:57');
INSERT INTO `lugares` VALUES ('76', 'BAÑO SANTI 3 HOMBRE', '2020-12-04 11:02:57', '2020-12-04 11:02:57');
INSERT INTO `lugares` VALUES ('77', 'BAÑO SANTI 4 HOMBRE', '2020-12-04 11:02:57', '2020-12-04 11:02:57');
INSERT INTO `lugares` VALUES ('78', 'BAÑO SANTI 5 HOMBRE', '2020-12-04 11:02:57', '2020-12-04 11:02:57');
INSERT INTO `lugares` VALUES ('79', 'BAÑO SANTI 6 HOMBRE', '2020-12-04 11:02:57', '2020-12-04 11:02:57');
INSERT INTO `lugares` VALUES ('80', 'BAÑO SANTI 2 MUJER', '2020-12-04 11:02:57', '2020-12-04 11:02:57');
INSERT INTO `lugares` VALUES ('81', 'BAÑO SANTI 3 MUJER', '2020-12-04 11:02:57', '2020-12-04 11:02:57');
INSERT INTO `lugares` VALUES ('82', 'BAÑO SANTI 4 MUJER', '2020-12-04 11:02:57', '2020-12-04 11:02:57');
INSERT INTO `lugares` VALUES ('83', 'BAÑO SANTI 5 MUJER', '2020-12-04 11:02:57', '2020-12-04 11:02:57');
INSERT INTO `lugares` VALUES ('84', 'BAÑO SANTI 6 MUJER', '2020-12-04 11:02:57', '2020-12-04 11:02:57');
INSERT INTO `lugares` VALUES ('85', 'SANTILLANA 101', '2020-12-04 11:02:57', '2020-12-04 11:02:57');
INSERT INTO `lugares` VALUES ('86', 'SANTILLANA 102', '2020-12-04 11:02:57', '2020-12-04 11:02:57');
INSERT INTO `lugares` VALUES ('87', 'SANTILLANA 201', '2020-12-04 11:02:57', '2020-12-04 11:02:57');
INSERT INTO `lugares` VALUES ('88', 'SANTILLANA 202', '2020-12-04 11:02:57', '2020-12-04 11:02:57');
INSERT INTO `lugares` VALUES ('89', 'SANTILLANA 203', '2020-12-04 11:02:57', '2020-12-04 11:02:57');
INSERT INTO `lugares` VALUES ('90', 'SANTILLANA 204', '2020-12-04 11:02:57', '2020-12-04 11:02:57');
INSERT INTO `lugares` VALUES ('91', 'SANTILLANA 205', '2020-12-04 11:02:57', '2020-12-04 11:02:57');
INSERT INTO `lugares` VALUES ('92', 'SANTILLANA 206', '2020-12-04 11:02:57', '2020-12-04 11:02:57');
INSERT INTO `lugares` VALUES ('93', 'SANTILLANA 207', '2020-12-04 11:02:57', '2020-12-04 11:02:57');
INSERT INTO `lugares` VALUES ('94', 'SANTILLANA 208', '2020-12-04 11:02:57', '2020-12-04 11:02:57');
INSERT INTO `lugares` VALUES ('95', 'SANTILLANA 301', '2020-12-04 11:02:57', '2020-12-04 11:02:57');
INSERT INTO `lugares` VALUES ('96', 'SANTILLANA 302', '2020-12-04 11:02:57', '2020-12-04 11:02:57');
INSERT INTO `lugares` VALUES ('97', 'SANTILLANA 303', '2020-12-04 11:02:57', '2020-12-04 11:02:57');
INSERT INTO `lugares` VALUES ('98', 'SANTILLANA 304', '2020-12-04 11:02:57', '2020-12-04 11:02:57');
INSERT INTO `lugares` VALUES ('99', 'SANTILLANA 305', '2020-12-04 11:02:57', '2020-12-04 11:02:57');
INSERT INTO `lugares` VALUES ('100', 'SANTILLANA 306', '2020-12-04 11:02:57', '2020-12-04 11:02:57');
INSERT INTO `lugares` VALUES ('101', 'SANTILLANA 307', '2020-12-04 11:02:57', '2020-12-04 11:02:57');
INSERT INTO `lugares` VALUES ('102', 'SANTILLANA 308', '2020-12-04 11:02:57', '2020-12-04 11:02:57');
INSERT INTO `lugares` VALUES ('103', 'SANTILLANA 309', '2020-12-04 11:02:57', '2020-12-04 11:02:57');
INSERT INTO `lugares` VALUES ('104', 'SANTILLANA 310', '2020-12-04 11:02:57', '2020-12-04 11:02:57');
INSERT INTO `lugares` VALUES ('105', 'SANTILLANA 311', '2020-12-04 11:02:57', '2020-12-04 11:02:57');
INSERT INTO `lugares` VALUES ('106', 'SANTILLANA 312', '2020-12-04 11:02:57', '2020-12-04 11:02:57');
INSERT INTO `lugares` VALUES ('107', 'SANTILLANA 313', '2020-12-04 11:02:57', '2020-12-04 11:02:57');
INSERT INTO `lugares` VALUES ('108', 'SANTILLANA 314', '2020-12-04 11:02:57', '2020-12-04 11:02:57');
INSERT INTO `lugares` VALUES ('109', 'SANTILLANA 601', '2020-12-04 11:02:57', '2020-12-04 11:02:57');
INSERT INTO `lugares` VALUES ('110', 'SANTILLANA 602', '2020-12-04 11:02:57', '2020-12-04 11:02:57');
INSERT INTO `lugares` VALUES ('111', 'SANTILLANA 603', '2020-12-04 11:02:57', '2020-12-04 11:02:57');
INSERT INTO `lugares` VALUES ('112', 'SANTILLANA 604', '2020-12-04 11:02:57', '2020-12-04 11:02:57');
INSERT INTO `lugares` VALUES ('113', 'SANTILLANA 605', '2020-12-04 11:02:57', '2020-12-04 11:02:57');
INSERT INTO `lugares` VALUES ('114', 'SANTILLANA 606', '2020-12-04 11:02:57', '2020-12-04 11:02:57');
INSERT INTO `lugares` VALUES ('115', 'SANTILLANA 607', '2020-12-04 11:02:57', '2020-12-04 11:02:57');
INSERT INTO `lugares` VALUES ('116', 'SANTILLANA 608', '2020-12-04 11:02:57', '2020-12-04 11:02:57');
INSERT INTO `lugares` VALUES ('117', 'PLAZA 201', '2020-12-04 11:02:57', '2020-12-04 11:02:57');
INSERT INTO `lugares` VALUES ('118', 'PLAZA 202', '2020-12-04 11:02:57', '2020-12-04 11:02:57');
INSERT INTO `lugares` VALUES ('119', 'PLAZA 203', '2020-12-04 11:02:57', '2020-12-04 11:02:57');
INSERT INTO `lugares` VALUES ('120', 'PLAZA 301', '2020-12-04 11:02:57', '2020-12-04 11:02:57');
INSERT INTO `lugares` VALUES ('121', 'PLAZA 302', '2020-12-04 11:02:57', '2020-12-04 11:02:57');
INSERT INTO `lugares` VALUES ('122', 'PLAZA 303', '2020-12-04 11:02:57', '2020-12-04 11:02:57');
INSERT INTO `lugares` VALUES ('123', 'PLAZA 304', '2020-12-04 11:02:57', '2020-12-04 11:02:57');
INSERT INTO `lugares` VALUES ('124', 'PLAZA 305', '2020-12-04 11:02:57', '2020-12-04 11:02:57');
INSERT INTO `lugares` VALUES ('125', 'PLAZA 306', '2020-12-04 11:02:57', '2020-12-04 11:02:57');
INSERT INTO `lugares` VALUES ('126', 'PLAZA 307', '2020-12-04 11:02:57', '2020-12-04 11:02:57');
INSERT INTO `lugares` VALUES ('127', 'PLAZA 308', '2020-12-04 11:02:57', '2020-12-04 11:02:57');
INSERT INTO `lugares` VALUES ('128', 'PLAZA 309', '2020-12-04 11:02:57', '2020-12-04 11:02:57');
INSERT INTO `lugares` VALUES ('129', 'PLAZA 310', '2020-12-04 11:02:57', '2020-12-04 11:02:57');
INSERT INTO `lugares` VALUES ('130', 'PLAZA 311', '2020-12-04 11:02:57', '2020-12-04 11:02:57');
INSERT INTO `lugares` VALUES ('131', 'PLAZA 312', '2020-12-04 11:02:57', '2020-12-04 11:02:57');
INSERT INTO `lugares` VALUES ('132', 'PLAZA 313', '2020-12-04 11:02:57', '2020-12-04 11:02:57');
INSERT INTO `lugares` VALUES ('133', 'PLAZA 314', '2020-12-04 11:02:57', '2020-12-04 11:02:57');
INSERT INTO `lugares` VALUES ('134', 'PLAZA 315', '2020-12-04 11:02:57', '2020-12-04 11:02:57');
INSERT INTO `lugares` VALUES ('135', 'AUDIOVISUALES PLAZA COLON PRÉSTAMO', '2020-12-04 11:02:57', '2020-12-04 11:02:57');
INSERT INTO `lugares` VALUES ('136', 'MERCADEO Y COMUNICACIONES 14', '2020-12-04 11:02:57', '2020-12-04 11:02:57');
INSERT INTO `lugares` VALUES ('137', 'ADMISIONES 2', '2020-12-04 11:02:57', '2020-12-04 11:02:57');
INSERT INTO `lugares` VALUES ('138', 'ADMISIONES 3', '2020-12-04 11:02:57', '2020-12-04 11:02:57');
INSERT INTO `lugares` VALUES ('139', 'CASITA BLANCA 101', '2020-12-04 11:02:57', '2020-12-04 11:02:57');
INSERT INTO `lugares` VALUES ('140', 'CASITA BLANCA 102', '2020-12-04 11:02:57', '2020-12-04 11:02:57');
INSERT INTO `lugares` VALUES ('141', 'CASITA BLANCA 103', '2020-12-04 11:02:57', '2020-12-04 11:02:57');
INSERT INTO `lugares` VALUES ('142', 'CASITA BLANCA 104', '2020-12-04 11:02:57', '2020-12-04 11:02:57');
INSERT INTO `lugares` VALUES ('143', 'CASITA BLANCA 105', '2020-12-04 11:02:57', '2020-12-04 11:02:57');
INSERT INTO `lugares` VALUES ('144', 'CASITA BLANCA 106', '2020-12-04 11:02:57', '2020-12-04 11:02:57');
INSERT INTO `lugares` VALUES ('145', 'CASITA BLANCA 107', '2020-12-04 11:02:57', '2020-12-04 11:02:57');
INSERT INTO `lugares` VALUES ('146', 'CASITA BLANCA 108', '2020-12-04 11:02:57', '2020-12-04 11:02:57');
INSERT INTO `lugares` VALUES ('147', 'CASITA BLANCA 201', '2020-12-04 11:02:57', '2020-12-04 11:02:57');
INSERT INTO `lugares` VALUES ('148', 'CASITA BLANCA 202', '2020-12-04 11:02:57', '2020-12-04 11:02:57');
INSERT INTO `lugares` VALUES ('149', 'CASITA BLANCA 203', '2020-12-04 11:02:57', '2020-12-04 11:02:57');
INSERT INTO `lugares` VALUES ('150', 'CASITA BLANCA 204', '2020-12-04 11:02:57', '2020-12-04 11:02:57');
INSERT INTO `lugares` VALUES ('151', 'BAÑO HOMBRES BLOQUE 1 PISO1', '2020-12-04 11:02:57', '2020-12-04 11:02:57');

-- ----------------------------
-- Table structure for lugares_opciones
-- ----------------------------
DROP TABLE IF EXISTS `lugares_opciones`;
CREATE TABLE `lugares_opciones` (
  `id` int(11) NOT NULL AUTO_INCREMENT,
  `opcion` varchar(255) DEFAULT NULL,
  `id_lugar` int(11) DEFAULT NULL,
  PRIMARY KEY (`id`),
  KEY `fk_id_lugar` (`id_lugar`),
  CONSTRAINT `fk_id_lugar` FOREIGN KEY (`id_lugar`) REFERENCES `lugares` (`id`) ON DELETE CASCADE ON UPDATE CASCADE
) ENGINE=InnoDB AUTO_INCREMENT=405 DEFAULT CHARSET=utf8;

-- ----------------------------
-- Records of lugares_opciones
-- ----------------------------
INSERT INTO `lugares_opciones` VALUES ('12', 'BAÑO SUCIO', '6');
INSERT INTO `lugares_opciones` VALUES ('13', 'NO HAY PAPEL', '6');
INSERT INTO `lugares_opciones` VALUES ('16', 'INCONFORMIDAD CON LA ATENCIÓN PRESTADA POR PARTE DEL AUXILIAR', '7');
INSERT INTO `lugares_opciones` VALUES ('17', 'DISPONIBILIDAD DE LOS EQUIPOS DE LA SALA VIRTUAL', '7');
INSERT INTO `lugares_opciones` VALUES ('18', 'INCONFORMIDAD CON LA ATENCIÓN PRESTADA POR PARTE DEL AUXILIAR', '7');
INSERT INTO `lugares_opciones` VALUES ('19', 'FALTA DE DISPONIBILIDAD LA SALA PARA LA CAPACITACIÓN', '7');
INSERT INTO `lugares_opciones` VALUES ('20', 'INCONFORMIDAD CON LA ATENCIÓN PRESTADA POR PARTE DEL AUXILIAR', '7');
INSERT INTO `lugares_opciones` VALUES ('21', 'DISPONIBILIDAD DEL MATERIAL DOCUMENTAL', '7');
INSERT INTO `lugares_opciones` VALUES ('22', 'RETRASO EN LA ENTREGA DEL CARNET', '62');
INSERT INTO `lugares_opciones` VALUES ('23', 'MALA ACTITUD DEL PERSONAL', '62');
INSERT INTO `lugares_opciones` VALUES ('24', 'LA SOLICITUD NO FUE RESUELTA', '62');
INSERT INTO `lugares_opciones` VALUES ('25', 'MALA ACTITUD DEL PERSONAL', '63');
INSERT INTO `lugares_opciones` VALUES ('26', 'RETRASO EN EL TIEMPO DE RESPUESTA AL PRÉSTAMO', '63');
INSERT INTO `lugares_opciones` VALUES ('27', 'NO HAY DISPONIBILIDAD DE EQUIPOS', '63');
INSERT INTO `lugares_opciones` VALUES ('28', 'NO HAY DISPONIBILIDAD DE EQUIPOS', '64');
INSERT INTO `lugares_opciones` VALUES ('29', 'RETRASO EN EL TIEMPO DE RESPUESTA AL PRÉSTAMO', '64');
INSERT INTO `lugares_opciones` VALUES ('30', 'MALA ACTITUD DEL PERSONAL', '64');
INSERT INTO `lugares_opciones` VALUES ('31', 'MALA ACTITUD DEL PERSONAL', '26');
INSERT INTO `lugares_opciones` VALUES ('32', 'RETRASO EN EL TIEMPO DE RESPUESTA AL PRÉSTAMO', '26');
INSERT INTO `lugares_opciones` VALUES ('33', 'NO HAY DISPONIBILIDAD DE EQUIPOS', '26');
INSERT INTO `lugares_opciones` VALUES ('34', 'NO RECIBÍ LA INFORMACIÓN ADECUADA', '5');
INSERT INTO `lugares_opciones` VALUES ('35', 'LA INFORMACIÓN QUE RECIBÍ ESTABA INCOMPLETA', '5');
INSERT INTO `lugares_opciones` VALUES ('36', 'MALA ATENCIÓN POR PARTE DEL PERSONAL', '5');
INSERT INTO `lugares_opciones` VALUES ('37', 'DEMORA CON LAS SOLICITUDES', '8');
INSERT INTO `lugares_opciones` VALUES ('38', 'INOPORTUNIDAD EN LA ENTREGA DEL CERTIFICADO', '8');
INSERT INTO `lugares_opciones` VALUES ('39', 'INOPORTUNIDAD EN LA ENTREGA DEL CERTIFICADO', '31');
INSERT INTO `lugares_opciones` VALUES ('40', 'DEMORA CON LAS SOLICITUDES', '31');
INSERT INTO `lugares_opciones` VALUES ('41', 'MALA ATENCIÓN POR PARTE DEL PERSONAL', '31');
INSERT INTO `lugares_opciones` VALUES ('42', 'NO RECIBÍ LA INFORMACIÓN ADECUADA', '31');
INSERT INTO `lugares_opciones` VALUES ('43', 'LA INFORMACIÓN QUE RECIBÍ ESTABA INCOMPLETA', '31');
INSERT INTO `lugares_opciones` VALUES ('44', 'LA INFORMACIÓN QUE RECIBÍ ESTABA INCOMPLETA', '32');
INSERT INTO `lugares_opciones` VALUES ('45', 'MALA ATENCION POR PARTE DEL PERSONAL', '32');
INSERT INTO `lugares_opciones` VALUES ('46', 'NO RECIBÍ LA INFORMACIÓN ADECUADA', '32');
INSERT INTO `lugares_opciones` VALUES ('47', 'DEMORA CON LAS SOLICITUDES', '32');
INSERT INTO `lugares_opciones` VALUES ('48', 'INOPORTUNIDAD EN LA ENTREGA DEL CERTIFICADO', '32');
INSERT INTO `lugares_opciones` VALUES ('49', 'NO RESPONDIERON A LA PREGUNTA QUE REALICE', '34');
INSERT INTO `lugares_opciones` VALUES ('50', 'MALA ATENCIÓN POR PARTE DEL PERSONAL', '34');
INSERT INTO `lugares_opciones` VALUES ('51', 'MALA ATENCIÓN DEL JEFE DE DE MERCADEO Y COMUNICACIONES', '34');
INSERT INTO `lugares_opciones` VALUES ('52', 'MALA ATENCIÓN DEL JEFE DE DE MERCADEO Y COMUNICACIONES', '35');
INSERT INTO `lugares_opciones` VALUES ('53', 'MALA ATENCIÓN POR PARTE DEL PERSONAL', '35');
INSERT INTO `lugares_opciones` VALUES ('54', 'NO RESPONDIERON A LA PREGUNTA QUE REALICE', '35');
INSERT INTO `lugares_opciones` VALUES ('55', 'NO RESPONDIERON A LA PREGUNTA QUE REALICE', '36');
INSERT INTO `lugares_opciones` VALUES ('56', 'MALA ATENCIÓN POR PARTE DEL PERSONAL', '36');
INSERT INTO `lugares_opciones` VALUES ('57', 'MALA ATENCIÓN DEL JEFE DE DE MERCADEO Y COMUNICACIONES', '36');
INSERT INTO `lugares_opciones` VALUES ('58', 'MALA ATENCIÓN DEL JEFE DE DE MERCADEO Y COMUNICACIONES', '37');
INSERT INTO `lugares_opciones` VALUES ('59', 'MALA ATENCIÓN POR PARTE DEL PERSONAL', '37');
INSERT INTO `lugares_opciones` VALUES ('60', 'NO RESPONDIERON A LA PREGUNTA QUE REALICE', '37');
INSERT INTO `lugares_opciones` VALUES ('61', 'NO RESPONDIERON A LA PREGUNTA QUE REALICE', '38');
INSERT INTO `lugares_opciones` VALUES ('62', 'MALA ATENCIÓN POR PARTE DEL PERSONAL', '38');
INSERT INTO `lugares_opciones` VALUES ('63', 'MALA ATENCIÓN DEL JEFE DE DE MERCADEO Y COMUNICACIONES', '38');
INSERT INTO `lugares_opciones` VALUES ('64', 'MALA ATENCIÓN DEL JEFE DE DE MERCADEO Y COMUNICACIONES', '39');
INSERT INTO `lugares_opciones` VALUES ('65', 'MALA ATENCIÓN POR PARTE DEL PERSONAL', '39');
INSERT INTO `lugares_opciones` VALUES ('66', 'NO RESPONDIERON A LA PREGUNTA QUE REALICE', '39');
INSERT INTO `lugares_opciones` VALUES ('67', 'NO RESPONDIERON A LA PREGUNTA QUE REALICE', '40');
INSERT INTO `lugares_opciones` VALUES ('68', 'MALA ATENCIÓN POR PARTE DEL PERSONAL', '40');
INSERT INTO `lugares_opciones` VALUES ('69', 'MALA ATENCIÓN DEL JEFE DE DE MERCADEO Y COMUNICACIONES', '40');
INSERT INTO `lugares_opciones` VALUES ('70', 'MALA ATENCIÓN DEL JEFE DE DE MERCADEO Y COMUNICACIONES', '41');
INSERT INTO `lugares_opciones` VALUES ('71', 'MALA ATENCIÓN POR PARTE DEL PERSONAL', '41');
INSERT INTO `lugares_opciones` VALUES ('72', 'NO RESPONDIERON A LA PREGUNTA QUE REALICE', '41');
INSERT INTO `lugares_opciones` VALUES ('73', 'NO RESPONDIERON A LA PREGUNTA QUE REALICE', '42');
INSERT INTO `lugares_opciones` VALUES ('74', 'MALA ATENCIÓN POR PARTE DEL PERSONAL', '42');
INSERT INTO `lugares_opciones` VALUES ('75', 'MALA ATENCIÓN DEL JEFE DE DE MERCADEO Y COMUNICACIONES', '42');
INSERT INTO `lugares_opciones` VALUES ('76', 'MALA ATENCIÓN DEL JEFE DE DE MERCADEO Y COMUNICACIONES', '43');
INSERT INTO `lugares_opciones` VALUES ('77', 'MALA ATENCIÓN POR PARTE DEL PERSONAL', '43');
INSERT INTO `lugares_opciones` VALUES ('78', 'NO RESPONDIERON A LA PREGUNTA QUE REALICE', '43');
INSERT INTO `lugares_opciones` VALUES ('79', 'NO RESPONDIERON A LA PREGUNTA QUE REALICE', '44');
INSERT INTO `lugares_opciones` VALUES ('80', 'MALA ATENCIÓN POR PARTE DEL PERSONAL', '44');
INSERT INTO `lugares_opciones` VALUES ('81', 'MALA ATENCIÓN DEL JEFE DE DE MERCADEO Y COMUNICACIONES', '44');
INSERT INTO `lugares_opciones` VALUES ('82', 'MALA ATENCIÓN DEL JEFE DE DE MERCADEO Y COMUNICACIONES', '45');
INSERT INTO `lugares_opciones` VALUES ('83', 'MALA ATENCIÓN POR PARTE DEL PERSONAL', '45');
INSERT INTO `lugares_opciones` VALUES ('84', 'NO RESPONDIERON A LA PREGUNTA QUE REALICE', '45');
INSERT INTO `lugares_opciones` VALUES ('85', 'NO RESPONDIERON A LA PREGUNTA QUE REALICE', '46');
INSERT INTO `lugares_opciones` VALUES ('86', 'MALA ATENCIÓN POR PARTE DEL PERSONAL', '46');
INSERT INTO `lugares_opciones` VALUES ('87', 'MALA ATENCIÓN DEL JEFE DE DE MERCADEO Y COMUNICACIONES', '46');
INSERT INTO `lugares_opciones` VALUES ('88', 'NO RESPONDIERON A LA PREGUNTA QUE REALICE', '51');
INSERT INTO `lugares_opciones` VALUES ('89', 'NO RESPONDIERON', '51');
INSERT INTO `lugares_opciones` VALUES ('90', 'MALA ACTITUD,MALA ATENCIÓN', '51');
INSERT INTO `lugares_opciones` VALUES ('91', 'NO FUE RESUELTA MI SOLICITUD', '10');
INSERT INTO `lugares_opciones` VALUES ('92', 'MALA ATENCIÓN DEL DOCENTE', '10');
INSERT INTO `lugares_opciones` VALUES ('93', 'MAL ATENCIÓN POR PARTE DEL DIRECTOR', '10');
INSERT INTO `lugares_opciones` VALUES ('94', 'MALA ATENCIÓN POR PARTE DEL SECRETARIA', '10');
INSERT INTO `lugares_opciones` VALUES ('95', 'MALA ATENCIÓN POR PARTE DEL SECRETARIA', '11');
INSERT INTO `lugares_opciones` VALUES ('96', 'MAL ATENCIÓN POR PARTE DEL DIRECTOR', '11');
INSERT INTO `lugares_opciones` VALUES ('97', 'MALA ATENCIÓN DEL DOCENTE', '11');
INSERT INTO `lugares_opciones` VALUES ('98', 'NO FUE RESUELTA MI SOLICITUD', '11');
INSERT INTO `lugares_opciones` VALUES ('99', 'NO FUE RESUELTA MI SOLICITUD', '12');
INSERT INTO `lugares_opciones` VALUES ('100', 'MALA ATENCIÓN DEL DOCENTE', '12');
INSERT INTO `lugares_opciones` VALUES ('101', 'MAL ATENCIÓN POR PARTE DEL DIRECTOR', '12');
INSERT INTO `lugares_opciones` VALUES ('102', 'MALA ATENCIÓN POR PARTE DEL SECRETARIA', '12');
INSERT INTO `lugares_opciones` VALUES ('103', 'MALA ATENCIÓN POR PARTE DEL SECRETARIA', '13');
INSERT INTO `lugares_opciones` VALUES ('104', 'MAL ATENCIÓN  POR PARTE DEL DIRECTOR', '13');
INSERT INTO `lugares_opciones` VALUES ('105', 'MALA ATENCIÓN  DEL DOCENTE', '13');
INSERT INTO `lugares_opciones` VALUES ('106', 'NO FUE RESUELTA MI SOLICITUD', '13');
INSERT INTO `lugares_opciones` VALUES ('107', 'NO FUE RESUELTA MI SOLICITUD', '14');
INSERT INTO `lugares_opciones` VALUES ('108', 'MALA ATENCIÓN  DEL DOCENTE', '14');
INSERT INTO `lugares_opciones` VALUES ('109', 'MAL ATENCIÓN  POR PARTE DEL DIRECTOR', '14');
INSERT INTO `lugares_opciones` VALUES ('110', 'MALA ATENCIÓN  POR PARTE DEL SECRETARIA', '14');
INSERT INTO `lugares_opciones` VALUES ('111', 'MALA ATENCIÓN  POR PARTE DEL SECRETARIA', '15');
INSERT INTO `lugares_opciones` VALUES ('112', 'MAL ATENCIÓN  POR PARTE DEL DIRECTOR', '15');
INSERT INTO `lugares_opciones` VALUES ('113', 'MALA ATENCIÓN  DEL DOCENTE', '15');
INSERT INTO `lugares_opciones` VALUES ('114', 'NO FUE RESUELTA MI SOLICITUD', '15');
INSERT INTO `lugares_opciones` VALUES ('115', 'NO FUE RESUELTA MI SOLICITUD', '16');
INSERT INTO `lugares_opciones` VALUES ('116', 'MALA ATENCIÓN  DEL DOCENTE', '16');
INSERT INTO `lugares_opciones` VALUES ('117', 'MAL ATENCIÓN  POR PARTE DEL DIRECTOR', '16');
INSERT INTO `lugares_opciones` VALUES ('118', 'MALA ATENCIÓN  POR PARTE DEL SECRETARIA', '16');
INSERT INTO `lugares_opciones` VALUES ('119', 'MALA ATENCIÓN  POR PARTE DEL SECRETARIA', '17');
INSERT INTO `lugares_opciones` VALUES ('120', 'MAL ATENCIÓN  POR PARTE DEL DIRECTOR', '17');
INSERT INTO `lugares_opciones` VALUES ('121', 'MALA ATENCIÓN  DEL DOCENTE', '17');
INSERT INTO `lugares_opciones` VALUES ('122', 'NO FUE RESUELTA MI SOLICITUD', '17');
INSERT INTO `lugares_opciones` VALUES ('123', 'NO FUE RESUELTA MI SOLICITUD', '18');
INSERT INTO `lugares_opciones` VALUES ('124', 'MALA ATENCIÓN  DEL DOCENTE', '18');
INSERT INTO `lugares_opciones` VALUES ('125', 'MAL ATENCIÓN  POR PARTE DEL DIRECTOR', '18');
INSERT INTO `lugares_opciones` VALUES ('126', 'MALA ATENCIÓN  POR PARTE DEL SECRETARIA', '18');
INSERT INTO `lugares_opciones` VALUES ('127', 'MALA ATENCIÓN  POR PARTE DEL SECRETARIA', '19');
INSERT INTO `lugares_opciones` VALUES ('128', 'MAL ATENCIÓN  POR PARTE DEL DIRECTOR', '19');
INSERT INTO `lugares_opciones` VALUES ('129', 'MALA ATENCIÓN  DEL DOCENTE', '19');
INSERT INTO `lugares_opciones` VALUES ('130', 'NO FUE RESUELTA MI SOLICITUD', '19');
INSERT INTO `lugares_opciones` VALUES ('131', 'NO FUE RESUELTA MI SOLICITUD', '20');
INSERT INTO `lugares_opciones` VALUES ('132', 'MALA ATENCIÓN  DEL DOCENTE', '20');
INSERT INTO `lugares_opciones` VALUES ('133', 'MAL ATENCIÓN  POR PARTE DEL DIRECTOR', '20');
INSERT INTO `lugares_opciones` VALUES ('134', 'MALA ATENCIÓN  POR PARTE DEL SECRETARIA', '20');
INSERT INTO `lugares_opciones` VALUES ('135', 'MALA ATENCIÓN  POR PARTE DEL SECRETARIA', '21');
INSERT INTO `lugares_opciones` VALUES ('136', 'MAL ATENCIÓN  POR PARTE DEL DIRECTOR', '21');
INSERT INTO `lugares_opciones` VALUES ('137', 'MALA ATENCIÓN  DEL DOCENTE', '21');
INSERT INTO `lugares_opciones` VALUES ('138', 'NO FUE RESUELTA MI SOLICITUD', '21');
INSERT INTO `lugares_opciones` VALUES ('139', 'MALA ATENCIÓN POR LA PSICÓLOGA', '52');
INSERT INTO `lugares_opciones` VALUES ('140', 'POCA ASESORÍA POR PARTE DE LA PSICÓLOGA', '52');
INSERT INTO `lugares_opciones` VALUES ('141', 'POCA DISPONIBILIDAD', '52');
INSERT INTO `lugares_opciones` VALUES ('142', 'POCA DISPONIBILIDAD', '53');
INSERT INTO `lugares_opciones` VALUES ('143', 'POCA ASESORÍA POR PARTE DE LA PSICÓLOGA', '53');
INSERT INTO `lugares_opciones` VALUES ('144', 'MALA ATENCIÓN  POR LA PSICÓLOGA', '53');
INSERT INTO `lugares_opciones` VALUES ('145', 'EL ESPACIO DE CULTURA SE ENCUENTRA DESORDENADOS', '54');
INSERT INTO `lugares_opciones` VALUES ('146', 'AIRE ACONDICIONADO INSUFICIENTE', '54');
INSERT INTO `lugares_opciones` VALUES ('147', 'MALA ATENCIÓN DEL INSTRUCTOR CULTURA', '54');
INSERT INTO `lugares_opciones` VALUES ('148', 'ÁREA DE DEPORTE SUCIA', '55');
INSERT INTO `lugares_opciones` VALUES ('149', 'MAL ESTADO DE LOS ELEMENTOS DEPORTE', '55');
INSERT INTO `lugares_opciones` VALUES ('150', 'MALA ATENCIÓN DEL INSTRUCTOR DE DEPORTE', '55');
INSERT INTO `lugares_opciones` VALUES ('151', 'MALA ATENCIÓN DEL INSTRUCTOR DE DEPORTE', '56');
INSERT INTO `lugares_opciones` VALUES ('152', 'MAL ESTADO DE LOS ELEMENTOS DEPORTE', '56');
INSERT INTO `lugares_opciones` VALUES ('153', 'ÁREA DE DEPORTE SUCIA', '56');
INSERT INTO `lugares_opciones` VALUES ('154', 'ÁREA DE DEPORTE SUCIA', '57');
INSERT INTO `lugares_opciones` VALUES ('156', 'MAL ESTADO DE LOS ELEMENTOS DEPORTE', '57');
INSERT INTO `lugares_opciones` VALUES ('157', 'MALA ATENCIÓN DEL INSTRUCTOR DE DEPORTE', '57');
INSERT INTO `lugares_opciones` VALUES ('158', 'MALA ATENCIÓN DEL INSTRUCTOR DE DEPORTE', '58');
INSERT INTO `lugares_opciones` VALUES ('159', 'MAL ESTADO DE LOS ELEMENTOS DEPORTE', '58');
INSERT INTO `lugares_opciones` VALUES ('160', 'ÁREA DE DEPORTE SUCIA', '58');
INSERT INTO `lugares_opciones` VALUES ('161', 'NO SE DIO RESPUESTA A LA INQUIETUD PRESENTADA', '61');
INSERT INTO `lugares_opciones` VALUES ('162', 'DEMORA EN LOS TIEMPOS DE RESPUESTA', '61');
INSERT INTO `lugares_opciones` VALUES ('163', 'NO SE ENCONTRÓ AL PERSONAL ENCARGADO', '61');
INSERT INTO `lugares_opciones` VALUES ('164', 'NO RECIBÍ LA INFORMACIÓN ADECUADA', '65');
INSERT INTO `lugares_opciones` VALUES ('165', 'LA INFORMACIÓN QUE RECIBÍ ESTABA INCOMPLETA.', '65');
INSERT INTO `lugares_opciones` VALUES ('166', 'MALA ATENCIÓN POR PARTE DEL PERSONAL', '65');
INSERT INTO `lugares_opciones` VALUES ('167', 'ESTÁN SUCIOS', '47');
INSERT INTO `lugares_opciones` VALUES ('168', 'FALTA DE PAPEL HIGIÉNICO', '47');
INSERT INTO `lugares_opciones` VALUES ('169', 'FALTA DE JABÓN', '47');
INSERT INTO `lugares_opciones` VALUES ('170', 'FALTA DE JABÓN', '48');
INSERT INTO `lugares_opciones` VALUES ('171', 'FALTA DE PAPEL HIGIÉNICO', '48');
INSERT INTO `lugares_opciones` VALUES ('172', 'ESTÁN SUCIOS', '48');
INSERT INTO `lugares_opciones` VALUES ('173', 'ESTÁN SUCIOS', '49');
INSERT INTO `lugares_opciones` VALUES ('174', 'FALTA DE PAPEL HIGIÉNICO', '49');
INSERT INTO `lugares_opciones` VALUES ('175', 'FALTA DE JABÓN', '49');
INSERT INTO `lugares_opciones` VALUES ('176', 'FALTA DE JABÓN', '50');
INSERT INTO `lugares_opciones` VALUES ('177', 'FALTA DE PAPEL HIGIÉNICO', '50');
INSERT INTO `lugares_opciones` VALUES ('178', 'ESTÁN  SUCIOS', '50');
INSERT INTO `lugares_opciones` VALUES ('179', 'ESTÁN  SUCIOS', '66');
INSERT INTO `lugares_opciones` VALUES ('180', 'FALTA DE PAPEL HIGIÉNICO', '66');
INSERT INTO `lugares_opciones` VALUES ('181', 'FALTA DE JABÓN', '66');
INSERT INTO `lugares_opciones` VALUES ('182', 'FALTA DE JABÓN', '67');
INSERT INTO `lugares_opciones` VALUES ('183', 'FALTA DE PAPEL HIGIÉNICO', '67');
INSERT INTO `lugares_opciones` VALUES ('184', 'ESTÁN  SUCIOS', '67');
INSERT INTO `lugares_opciones` VALUES ('185', 'ESTÁN  SUCIOS', '71');
INSERT INTO `lugares_opciones` VALUES ('186', 'FALTA DE PAPEL HIGIÉNICO', '71');
INSERT INTO `lugares_opciones` VALUES ('187', 'FALTA DE JABÓN', '71');
INSERT INTO `lugares_opciones` VALUES ('188', 'FALTA DE JABÓN', '72');
INSERT INTO `lugares_opciones` VALUES ('189', 'FALTA DE PAPEL HIGIÉNICO', '72');
INSERT INTO `lugares_opciones` VALUES ('190', 'ESTÁN  SUCIOS', '72');
INSERT INTO `lugares_opciones` VALUES ('191', 'ESTÁN  SUCIOS', '73');
INSERT INTO `lugares_opciones` VALUES ('192', 'FALTA DE PAPEL HIGIÉNICO', '73');
INSERT INTO `lugares_opciones` VALUES ('193', 'FALTA DE JABÓN', '73');
INSERT INTO `lugares_opciones` VALUES ('194', 'FALTA DE JABÓN', '74');
INSERT INTO `lugares_opciones` VALUES ('195', 'FALTA DE PAPEL HIGIÉNICO', '74');
INSERT INTO `lugares_opciones` VALUES ('196', 'ESTÁN  SUCIOS', '74');
INSERT INTO `lugares_opciones` VALUES ('197', 'ESTÁN  SUCIOS', '75');
INSERT INTO `lugares_opciones` VALUES ('198', 'FALTA DE PAPEL HIGIÉNICO', '75');
INSERT INTO `lugares_opciones` VALUES ('199', 'FALTA DE JABÓN', '75');
INSERT INTO `lugares_opciones` VALUES ('200', 'FALTA DE JABÓN', '76');
INSERT INTO `lugares_opciones` VALUES ('201', 'FALTA DE PAPEL HIGIÉNICO', '76');
INSERT INTO `lugares_opciones` VALUES ('202', 'ESTÁN  SUCIOS', '76');
INSERT INTO `lugares_opciones` VALUES ('203', 'ESTÁN  SUCIOS', '77');
INSERT INTO `lugares_opciones` VALUES ('204', 'FALTA DE PAPEL HIGIÉNICO', '77');
INSERT INTO `lugares_opciones` VALUES ('205', 'FALTA DE JABÓN', '77');
INSERT INTO `lugares_opciones` VALUES ('206', 'FALTA DE JABÓN', '78');
INSERT INTO `lugares_opciones` VALUES ('207', 'FALTA DE PAPEL HIGIÉNICO', '78');
INSERT INTO `lugares_opciones` VALUES ('208', 'ESTÁN  SUCIOS', '78');
INSERT INTO `lugares_opciones` VALUES ('209', 'ESTÁN  SUCIOS', '79');
INSERT INTO `lugares_opciones` VALUES ('210', 'FALTA DE PAPEL HIGIÉNICO', '79');
INSERT INTO `lugares_opciones` VALUES ('211', 'FALTA DE JABÓN', '79');
INSERT INTO `lugares_opciones` VALUES ('212', 'FALTA DE JABÓN', '80');
INSERT INTO `lugares_opciones` VALUES ('213', 'FALTA DE PAPEL HIGIÉNICO', '80');
INSERT INTO `lugares_opciones` VALUES ('214', 'ESTÁN  SUCIOS', '80');
INSERT INTO `lugares_opciones` VALUES ('215', 'ESTÁN  SUCIOS', '81');
INSERT INTO `lugares_opciones` VALUES ('216', 'FALTA DE PAPEL HIGIÉNICO', '81');
INSERT INTO `lugares_opciones` VALUES ('217', 'FALTA DE JABÓN', '81');
INSERT INTO `lugares_opciones` VALUES ('218', 'FALTA DE JABÓN', '82');
INSERT INTO `lugares_opciones` VALUES ('219', 'FALTA DE PAPEL HIGIÉNICO', '82');
INSERT INTO `lugares_opciones` VALUES ('220', 'ESTÁN  SUCIOS', '82');
INSERT INTO `lugares_opciones` VALUES ('221', 'ESTÁN  SUCIOS', '83');
INSERT INTO `lugares_opciones` VALUES ('222', 'FALTA DE PAPEL HIGIÉNICO', '83');
INSERT INTO `lugares_opciones` VALUES ('223', 'FALTA DE JABÓN', '83');
INSERT INTO `lugares_opciones` VALUES ('224', 'FALTA DE JABÓN', '84');
INSERT INTO `lugares_opciones` VALUES ('225', 'FALTA DE PAPEL HIGIÉNICO', '84');
INSERT INTO `lugares_opciones` VALUES ('226', 'ESTÁN  SUCIOS', '84');
INSERT INTO `lugares_opciones` VALUES ('227', 'NO RECIBÍ LA INFORMACIÓN ADECUADA', '68');
INSERT INTO `lugares_opciones` VALUES ('228', 'LA INFORMACIÓN QUE RECIBÍ ESTABA INCOMPLETA.', '68');
INSERT INTO `lugares_opciones` VALUES ('229', 'NO OBTUVE ASESORÍA', '68');
INSERT INTO `lugares_opciones` VALUES ('230', 'MALA ATENCIÓN POR PARTE DEL PERSONAL', '25');
INSERT INTO `lugares_opciones` VALUES ('231', 'DEMORA EN LA ATENCIÓN', '25');
INSERT INTO `lugares_opciones` VALUES ('232', 'LAS BEBIDAS SIEMPRE ESTÁN CALIENTES Y NO HAY HIELO', '25');
INSERT INTO `lugares_opciones` VALUES ('233', 'LAS BEBIDAS SIEMPRE ESTÁN CALIENTES Y NO HAY HIELO', '69');
INSERT INTO `lugares_opciones` VALUES ('234', 'DEMORA EN LA ATENCIÓN', '69');
INSERT INTO `lugares_opciones` VALUES ('235', 'MALA ATENCIÓN POR PARTE DEL PERSONAL', '69');
INSERT INTO `lugares_opciones` VALUES ('236', 'MALA ATENCIÓN POR PARTE DEL PERSONAL', '70');
INSERT INTO `lugares_opciones` VALUES ('237', 'DEMORA EN LA ATENCIÓN', '70');
INSERT INTO `lugares_opciones` VALUES ('238', 'LAS BEBIDAS SIEMPRE ESTÁN CALIENTES Y NO HAY HIELO', '70');
INSERT INTO `lugares_opciones` VALUES ('239', 'NO RESPONDIERON A LA PREGUNTA QUE REALICE', '22');
INSERT INTO `lugares_opciones` VALUES ('240', 'NO ME RESPONDIERON', '22');
INSERT INTO `lugares_opciones` VALUES ('241', 'MALA ACTITUD,MALA ATENCIÓN', '22');
INSERT INTO `lugares_opciones` VALUES ('242', 'TIENEN MAL OLOR', '23');
INSERT INTO `lugares_opciones` VALUES ('243', 'AIRE ACONDICIONADO INSUFICIENTE', '23');
INSERT INTO `lugares_opciones` VALUES ('244', 'MALA ATENCIÓN DEL INSTRUCTOR DEL GIMNASIO', '23');
INSERT INTO `lugares_opciones` VALUES ('245', 'DISPONIBILIDAD DE MATERIAL DOCUMENTAL', '24');
INSERT INTO `lugares_opciones` VALUES ('246', 'INCONFORMIDAD CON LA ATENCIÓN PRESTADA', '24');
INSERT INTO `lugares_opciones` VALUES ('247', 'MAL ESTADO DE LA COMIDA', '25');
INSERT INTO `lugares_opciones` VALUES ('248', 'MALA ATENCIÓN POR PARTE DEL PERSONAL', '27');
INSERT INTO `lugares_opciones` VALUES ('249', 'NO SE DIO RESPUESTA A LA INQUIETUD PRESENTADA', '27');
INSERT INTO `lugares_opciones` VALUES ('250', 'NO SE DIO RESPUESTA A LA INQUIETUD PRESENTADA', '28');
INSERT INTO `lugares_opciones` VALUES ('251', 'MALA ATENCIÓN POR PARTE DEL PERSONAL', '28');
INSERT INTO `lugares_opciones` VALUES ('252', 'MALA ATENCIÓN POR PARTE DEL PERSONAL', '29');
INSERT INTO `lugares_opciones` VALUES ('253', 'NO SE DIO RESPUESTA A LA INQUIETUD PRESENTADA', '29');
INSERT INTO `lugares_opciones` VALUES ('254', 'NO SE DIO RESPUESTA A LA INQUIETUD PRESENTADA', '30');
INSERT INTO `lugares_opciones` VALUES ('255', 'MALA ATENCIÓN POR PARTE DEL PERSONAL', '30');
INSERT INTO `lugares_opciones` VALUES ('256', 'LAS DUDAS NO FUERON RESUELTAS', '33');
INSERT INTO `lugares_opciones` VALUES ('257', 'MALA ATENCIÓN POR PARTE DEL PERSONAL', '33');
INSERT INTO `lugares_opciones` VALUES ('258', 'SE ENCUENTRAN DESORDENADOS', '85');
INSERT INTO `lugares_opciones` VALUES ('260', 'SILLAS Y ENCERES EN MAL ESTADO', '85');
INSERT INTO `lugares_opciones` VALUES ('261', 'SILLAS Y ENCERES EN MAL ESTADO', '86');
INSERT INTO `lugares_opciones` VALUES ('262', 'SILLAS Y ENCERES EN MAL ESTADO', '86');
INSERT INTO `lugares_opciones` VALUES ('263', 'SILLAS Y ENCERES EN MAL ESTADO', '87');
INSERT INTO `lugares_opciones` VALUES ('264', 'SE ENCUENTRAN DESORDENADOS', '87');
INSERT INTO `lugares_opciones` VALUES ('265', 'SE ENCUENTRAN DESORDENADOS', '88');
INSERT INTO `lugares_opciones` VALUES ('266', 'SILLAS Y ENCERES EN MAL ESTADO', '88');
INSERT INTO `lugares_opciones` VALUES ('267', 'SILLAS Y ENCERES EN MAL ESTADO', '89');
INSERT INTO `lugares_opciones` VALUES ('268', 'SE ENCUENTRAN DESORDENADOS', '89');
INSERT INTO `lugares_opciones` VALUES ('269', 'SE ENCUENTRAN DESORDENADOS', '90');
INSERT INTO `lugares_opciones` VALUES ('270', 'SILLAS Y ENCERES EN MAL ESTADO', '90');
INSERT INTO `lugares_opciones` VALUES ('271', 'SILLAS Y ENCERES EN MAL ESTADO', '91');
INSERT INTO `lugares_opciones` VALUES ('272', 'SE ENCUENTRAN DESORDENADOS', '91');
INSERT INTO `lugares_opciones` VALUES ('273', 'SE ENCUENTRAN DESORDENADOS', '92');
INSERT INTO `lugares_opciones` VALUES ('274', 'SILLAS Y ENCERES EN MAL ESTADO', '92');
INSERT INTO `lugares_opciones` VALUES ('275', 'SILLAS Y ENCERES EN MAL ESTADO', '93');
INSERT INTO `lugares_opciones` VALUES ('276', 'SE ENCUENTRAN DESORDENADOS', '93');
INSERT INTO `lugares_opciones` VALUES ('277', 'SE ENCUENTRAN DESORDENADOS', '94');
INSERT INTO `lugares_opciones` VALUES ('278', 'SILLAS Y ENCERES EN MAL ESTADO', '94');
INSERT INTO `lugares_opciones` VALUES ('279', 'SILLAS Y ENCERES EN MAL ESTADO', '95');
INSERT INTO `lugares_opciones` VALUES ('280', 'SE ENCUENTRAN DESORDENADOS', '95');
INSERT INTO `lugares_opciones` VALUES ('281', 'SE ENCUENTRAN DESORDENADOS', '96');
INSERT INTO `lugares_opciones` VALUES ('282', 'SILLAS Y ENCERES EN MAL ESTADO', '96');
INSERT INTO `lugares_opciones` VALUES ('283', 'SILLAS Y ENCERES EN MAL ESTADO', '97');
INSERT INTO `lugares_opciones` VALUES ('284', 'SE ENCUENTRAN DESORDENADOS', '97');
INSERT INTO `lugares_opciones` VALUES ('285', 'SE ENCUENTRAN DESORDENADOS', '98');
INSERT INTO `lugares_opciones` VALUES ('286', 'SILLAS Y ENCERES EN MAL ESTADO', '98');
INSERT INTO `lugares_opciones` VALUES ('287', 'SILLAS Y ENCERES EN MAL ESTADO', '99');
INSERT INTO `lugares_opciones` VALUES ('288', 'SE ENCUENTRAN DESORDENADOS', '99');
INSERT INTO `lugares_opciones` VALUES ('289', 'SE ENCUENTRAN DESORDENADOS', '100');
INSERT INTO `lugares_opciones` VALUES ('290', 'SILLAS Y ENCERES EN MAL ESTADO', '100');
INSERT INTO `lugares_opciones` VALUES ('291', 'SILLAS Y ENCERES EN MAL ESTADO', '101');
INSERT INTO `lugares_opciones` VALUES ('292', 'SE ENCUENTRAN DESORDENADOS', '101');
INSERT INTO `lugares_opciones` VALUES ('293', 'SE ENCUENTRAN DESORDENADOS', '102');
INSERT INTO `lugares_opciones` VALUES ('294', 'SILLAS Y ENCERES EN MAL ESTADO', '102');
INSERT INTO `lugares_opciones` VALUES ('295', 'SILLAS Y ENCERES EN MAL ESTADO', '103');
INSERT INTO `lugares_opciones` VALUES ('296', 'SE ENCUENTRAN DESORDENADOS', '103');
INSERT INTO `lugares_opciones` VALUES ('297', 'SE ENCUENTRAN DESORDENADOS', '104');
INSERT INTO `lugares_opciones` VALUES ('298', 'SILLAS Y ENCERES EN MAL ESTADO', '104');
INSERT INTO `lugares_opciones` VALUES ('299', 'SILLAS Y ENCERES EN MAL ESTADO', '105');
INSERT INTO `lugares_opciones` VALUES ('300', 'SE ENCUENTRAN DESORDENADOS', '105');
INSERT INTO `lugares_opciones` VALUES ('301', 'SE ENCUENTRAN DESORDENADOS', '106');
INSERT INTO `lugares_opciones` VALUES ('302', 'SILLAS Y ENCERES EN MAL ESTADO', '106');
INSERT INTO `lugares_opciones` VALUES ('303', 'SILLAS Y ENCERES EN MAL ESTADO', '107');
INSERT INTO `lugares_opciones` VALUES ('304', 'SE ENCUENTRAN DESORDENADOS', '107');
INSERT INTO `lugares_opciones` VALUES ('305', 'SE ENCUENTRAN DESORDENADOS', '108');
INSERT INTO `lugares_opciones` VALUES ('306', 'SILLAS Y ENCERES EN MAL ESTADO', '108');
INSERT INTO `lugares_opciones` VALUES ('307', 'SILLAS Y ENCERES EN MAL ESTADO', '109');
INSERT INTO `lugares_opciones` VALUES ('308', 'SE ENCUENTRAN DESORDENADOS', '109');
INSERT INTO `lugares_opciones` VALUES ('309', 'SE ENCUENTRAN DESORDENADOS', '110');
INSERT INTO `lugares_opciones` VALUES ('310', 'SILLAS Y ENCERES EN MAL ESTADO', '110');
INSERT INTO `lugares_opciones` VALUES ('311', 'SILLAS Y ENCERES EN MAL ESTADO', '111');
INSERT INTO `lugares_opciones` VALUES ('312', 'SE ENCUENTRAN DESORDENADOS', '111');
INSERT INTO `lugares_opciones` VALUES ('313', 'SE ENCUENTRAN DESORDENADOS', '112');
INSERT INTO `lugares_opciones` VALUES ('314', 'SILLAS Y ENCERES EN MAL ESTADO', '112');
INSERT INTO `lugares_opciones` VALUES ('315', 'SILLAS Y ENCERES EN MAL ESTADO', '113');
INSERT INTO `lugares_opciones` VALUES ('316', 'SE ENCUENTRAN DESORDENADOS', '113');
INSERT INTO `lugares_opciones` VALUES ('317', 'SE ENCUENTRAN DESORDENADOS', '114');
INSERT INTO `lugares_opciones` VALUES ('318', 'SILLAS Y ENCERES EN MAL ESTADO', '114');
INSERT INTO `lugares_opciones` VALUES ('319', 'SILLAS Y ENCERES EN MAL ESTADO', '115');
INSERT INTO `lugares_opciones` VALUES ('320', 'SE ENCUENTRAN DESORDENADOS', '115');
INSERT INTO `lugares_opciones` VALUES ('321', 'SE ENCUENTRAN DESORDENADOS', '116');
INSERT INTO `lugares_opciones` VALUES ('322', 'SILLAS Y ENCERES EN MAL ESTADO', '116');
INSERT INTO `lugares_opciones` VALUES ('323', 'SILLAS Y ENCERES EN MAL ESTADO', '117');
INSERT INTO `lugares_opciones` VALUES ('324', 'SE ENCUENTRAN DESORDENADOS', '117');
INSERT INTO `lugares_opciones` VALUES ('325', 'SE ENCUENTRAN DESORDENADOS', '118');
INSERT INTO `lugares_opciones` VALUES ('326', 'SILLAS Y ENCERES EN MAL ESTADO', '118');
INSERT INTO `lugares_opciones` VALUES ('327', 'SILLAS Y ENCERES EN MAL ESTADO', '119');
INSERT INTO `lugares_opciones` VALUES ('328', 'SE ENCUENTRAN DESORDENADOS', '119');
INSERT INTO `lugares_opciones` VALUES ('329', 'SE ENCUENTRAN DESORDENADOS', '120');
INSERT INTO `lugares_opciones` VALUES ('330', 'SILLAS Y ENCERES EN MAL ESTADO', '120');
INSERT INTO `lugares_opciones` VALUES ('331', 'SILLAS Y ENCERES EN MAL ESTADO', '121');
INSERT INTO `lugares_opciones` VALUES ('332', 'SE ENCUENTRAN DESORDENADOS', '121');
INSERT INTO `lugares_opciones` VALUES ('333', 'SE ENCUENTRAN DESORDENADOS', '122');
INSERT INTO `lugares_opciones` VALUES ('334', 'SILLAS Y ENCERES EN MAL ESTADO', '122');
INSERT INTO `lugares_opciones` VALUES ('335', 'SILLAS Y ENCERES EN MAL ESTADO', '123');
INSERT INTO `lugares_opciones` VALUES ('336', 'SE ENCUENTRAN DESORDENADOS', '123');
INSERT INTO `lugares_opciones` VALUES ('337', 'SE ENCUENTRAN DESORDENADOS', '124');
INSERT INTO `lugares_opciones` VALUES ('338', 'SILLAS Y ENCERES EN MAL ESTADO', '124');
INSERT INTO `lugares_opciones` VALUES ('339', 'SILLAS Y ENCERES EN MAL ESTADO', '125');
INSERT INTO `lugares_opciones` VALUES ('340', 'SE ENCUENTRAN DESORDENADOS', '125');
INSERT INTO `lugares_opciones` VALUES ('341', 'SE ENCUENTRAN DESORDENADOS', '126');
INSERT INTO `lugares_opciones` VALUES ('342', 'SILLAS Y ENCERES EN MAL ESTADO', '126');
INSERT INTO `lugares_opciones` VALUES ('343', 'SILLAS Y ENCERES EN MAL ESTADO', '127');
INSERT INTO `lugares_opciones` VALUES ('344', 'SE ENCUENTRAN DESORDENADOS', '127');
INSERT INTO `lugares_opciones` VALUES ('345', 'SE ENCUENTRAN DESORDENADOS', '128');
INSERT INTO `lugares_opciones` VALUES ('346', 'SILLAS Y ENCERES EN MAL ESTADO', '128');
INSERT INTO `lugares_opciones` VALUES ('347', 'SILLAS Y ENCERES EN MAL ESTADO', '129');
INSERT INTO `lugares_opciones` VALUES ('348', 'SE ENCUENTRAN DESORDENADOS', '129');
INSERT INTO `lugares_opciones` VALUES ('349', 'SE ENCUENTRAN DESORDENADOS', '130');
INSERT INTO `lugares_opciones` VALUES ('350', 'SILLAS Y ENCERES EN MAL ESTADO', '130');
INSERT INTO `lugares_opciones` VALUES ('351', 'SILLAS Y ENCERES EN MAL ESTADO', '131');
INSERT INTO `lugares_opciones` VALUES ('352', 'SE ENCUENTRAN DESORDENADOS', '131');
INSERT INTO `lugares_opciones` VALUES ('353', 'SE ENCUENTRAN DESORDENADOS', '132');
INSERT INTO `lugares_opciones` VALUES ('355', 'SILLAS Y ENCERES EN MAL ESTADO', '132');
INSERT INTO `lugares_opciones` VALUES ('356', 'SILLAS Y ENCERES EN MAL ESTADO', '133');
INSERT INTO `lugares_opciones` VALUES ('357', 'SE ENCUENTRAN DESORDENADOS', '133');
INSERT INTO `lugares_opciones` VALUES ('358', 'SE ENCUENTRAN DESORDENADOS', '134');
INSERT INTO `lugares_opciones` VALUES ('359', 'SILLAS Y ENCERES EN MAL ESTADO', '134');
INSERT INTO `lugares_opciones` VALUES ('360', 'INCONFORMIDAD CON LA ATENCIÓN PRESTADA POR PARTE DEL AUXILIAR', '59');
INSERT INTO `lugares_opciones` VALUES ('361', 'FALTA DE DISPONIBILIDAD LA SALA PARA LA CAPACITACIÓN', '59');
INSERT INTO `lugares_opciones` VALUES ('362', 'INCONFORMIDAD CON LA ATENCIÓN PRESTADA POR PARTE DEL AUXILIAR', '60');
INSERT INTO `lugares_opciones` VALUES ('363', 'DISPONIBILIDAD DEL MATERIAL DOCUMENTAL', '60');
INSERT INTO `lugares_opciones` VALUES ('365', 'NO RESPONDIERON A LA PREGUNTA QUE REALICE', '136');
INSERT INTO `lugares_opciones` VALUES ('366', 'MALA ATENCIÓN POR PARTE DEL PERSONAL', '136');
INSERT INTO `lugares_opciones` VALUES ('367', 'MALA ATENCIÓN DEL JEFE DE DE MERCADEO Y COMUNICACIONES', '136');
INSERT INTO `lugares_opciones` VALUES ('368', 'NO RECIBÍ LA INFORMACIÓN ADECUADA', '137');
INSERT INTO `lugares_opciones` VALUES ('369', 'LA INFORMACIÓN QUE RECIBÍ ESTABA INCOMPLETA', '137');
INSERT INTO `lugares_opciones` VALUES ('370', 'MALA ATENCIÓN POR PARTE DEL PERSONAL', '137');
INSERT INTO `lugares_opciones` VALUES ('371', 'MALA ATENCIÓN POR PARTE DEL PERSONAL', '138');
INSERT INTO `lugares_opciones` VALUES ('372', 'LA INFORMACIÓN QUE RECIBÍ ESTABA INCOMPLETA', '138');
INSERT INTO `lugares_opciones` VALUES ('373', 'NO RECIBÍ LA INFORMACIÓN ADECUADA', '138');
INSERT INTO `lugares_opciones` VALUES ('374', 'MALA ATENCIÓN POR PARTE DEL PERSONAL', '8');
INSERT INTO `lugares_opciones` VALUES ('375', 'NO RECIBÍ LA INFORMACIÓN ADECUADA', '8');
INSERT INTO `lugares_opciones` VALUES ('376', 'LA INFORMACIÓN QUE RECIBÍ ESTABA INCOMPLETA', '8');
INSERT INTO `lugares_opciones` VALUES ('377', 'SILLAS Y ENCERES EN MAL ESTADO', '139');
INSERT INTO `lugares_opciones` VALUES ('378', 'SE ENCUENTRAN DESORDENADOS', '139');
INSERT INTO `lugares_opciones` VALUES ('379', 'SE ENCUENTRAN DESORDENADOS', '140');
INSERT INTO `lugares_opciones` VALUES ('380', 'SILLAS Y ENCERES EN MAL ESTADO', '140');
INSERT INTO `lugares_opciones` VALUES ('381', 'SILLAS Y ENCERES EN MAL ESTADO', '141');
INSERT INTO `lugares_opciones` VALUES ('382', 'SE ENCUENTRAN DESORDENADOS', '141');
INSERT INTO `lugares_opciones` VALUES ('383', 'SE ENCUENTRAN DESORDENADOS', '142');
INSERT INTO `lugares_opciones` VALUES ('384', 'SILLAS Y ENCERES EN MAL ESTADO', '142');
INSERT INTO `lugares_opciones` VALUES ('385', 'SILLAS Y ENCERES EN MAL ESTADO', '143');
INSERT INTO `lugares_opciones` VALUES ('386', 'SE ENCUENTRAN DESORDENADOS', '143');
INSERT INTO `lugares_opciones` VALUES ('387', 'SE ENCUENTRAN DESORDENADOS', '144');
INSERT INTO `lugares_opciones` VALUES ('388', 'SILLAS Y ENCERES EN MAL ESTADO', '144');
INSERT INTO `lugares_opciones` VALUES ('389', 'SILLAS Y ENCERES EN MAL ESTADO', '145');
INSERT INTO `lugares_opciones` VALUES ('390', 'SE ENCUENTRAN DESORDENADOS', '145');
INSERT INTO `lugares_opciones` VALUES ('391', 'SE ENCUENTRAN DESORDENADOS', '146');
INSERT INTO `lugares_opciones` VALUES ('392', 'SILLAS Y ENCERES EN MAL ESTADO', '146');
INSERT INTO `lugares_opciones` VALUES ('393', 'SILLAS Y ENCERES EN MAL ESTADO', '147');
INSERT INTO `lugares_opciones` VALUES ('394', 'SE ENCUENTRAN DESORDENADOS', '147');
INSERT INTO `lugares_opciones` VALUES ('395', 'SE ENCUENTRAN DESORDENADOS', '148');
INSERT INTO `lugares_opciones` VALUES ('396', 'SILLAS Y ENCERES EN MAL ESTADO', '148');
INSERT INTO `lugares_opciones` VALUES ('397', 'SILLAS Y ENCERES EN MAL ESTADO', '149');
INSERT INTO `lugares_opciones` VALUES ('398', 'SE ENCUENTRAN DESORDENADOS', '149');
INSERT INTO `lugares_opciones` VALUES ('399', 'SE ENCUENTRAN DESORDENADOS', '150');
INSERT INTO `lugares_opciones` VALUES ('400', 'SILLAS Y ENCERES EN MAL ESTADO', '150');
INSERT INTO `lugares_opciones` VALUES ('401', 'BAÑOS SE ENCUENTRA SUCIO', '151');
INSERT INTO `lugares_opciones` VALUES ('402', 'NO HAY PAPEL', '151');
INSERT INTO `lugares_opciones` VALUES ('403', 'NO HAY JABON', '151');
INSERT INTO `lugares_opciones` VALUES ('404', 'ORINALES EN MAL ESTADO', '151');

-- ----------------------------
-- Table structure for migrations
-- ----------------------------
DROP TABLE IF EXISTS `migrations`;
CREATE TABLE `migrations` (
  `id` int(10) unsigned NOT NULL AUTO_INCREMENT,
  `migration` varchar(191) COLLATE utf8mb4_unicode_ci NOT NULL,
  `batch` int(11) NOT NULL,
  PRIMARY KEY (`id`) USING BTREE
) ENGINE=InnoDB AUTO_INCREMENT=3 DEFAULT CHARSET=utf8mb4 COLLATE=utf8mb4_unicode_ci ROW_FORMAT=COMPACT;

-- ----------------------------
-- Records of migrations
-- ----------------------------
INSERT INTO `migrations` VALUES ('1', '2014_10_12_000000_create_users_table', '1');
INSERT INTO `migrations` VALUES ('2', '2014_10_12_100000_create_password_resets_table', '1');

-- ----------------------------
-- Table structure for password_resets
-- ----------------------------
DROP TABLE IF EXISTS `password_resets`;
CREATE TABLE `password_resets` (
  `email` varchar(191) COLLATE utf8mb4_unicode_ci NOT NULL,
  `token` varchar(191) COLLATE utf8mb4_unicode_ci NOT NULL,
  `created_at` timestamp NULL DEFAULT NULL,
  KEY `password_resets_email_index` (`email`) USING BTREE
) ENGINE=InnoDB DEFAULT CHARSET=utf8mb4 COLLATE=utf8mb4_unicode_ci ROW_FORMAT=COMPACT;

-- ----------------------------
-- Records of password_resets
-- ----------------------------
INSERT INTO `password_resets` VALUES ('test@example.com', '$2y$10$3zpuV2G03cQySFRSvLhF5.ugjW4u3w5qm3uVwacDXnFKJsaNzbso6', '2018-06-21 15:44:09');
INSERT INTO `password_resets` VALUES ('imangones@unisinucartagena.edu.co', '$2y$10$8iB89./GRzubMK0fForTCe1t76w2jqbFnEqntM74deQcqRFegdYOK', '2018-06-27 14:40:34');

-- ----------------------------
-- Table structure for preguntas
-- ----------------------------
DROP TABLE IF EXISTS `preguntas`;
CREATE TABLE `preguntas` (
  `id` int(11) NOT NULL AUTO_INCREMENT,
  `pregunta` varchar(255) COLLATE utf8mb4_unicode_ci NOT NULL,
  `estado` varchar(1) COLLATE utf8mb4_unicode_ci NOT NULL,
  `usuario` varchar(25) COLLATE utf8mb4_unicode_ci NOT NULL DEFAULT 'user',
  `created_at` timestamp NOT NULL DEFAULT CURRENT_TIMESTAMP,
  `updated_at` timestamp NOT NULL DEFAULT CURRENT_TIMESTAMP ON UPDATE CURRENT_TIMESTAMP,
  PRIMARY KEY (`id`) USING BTREE
) ENGINE=InnoDB AUTO_INCREMENT=42 DEFAULT CHARSET=utf8mb4 COLLATE=utf8mb4_unicode_ci ROW_FORMAT=COMPACT;

-- ----------------------------
-- Records of preguntas
-- ----------------------------
INSERT INTO `preguntas` VALUES ('17', '¿SE ENCUENTRA SATISFECHO CON LA ATENCIÓN PRESTADA POR LA ESCUELA?', 'A', 'user', '2020-12-04 11:02:57', '2020-12-04 11:02:57');
INSERT INTO `preguntas` VALUES ('18', '¿SE ENCUENTRA SATISFECHO CON LA ATENCIÓN PRESTADA EN BIENESTAR?', 'A', 'user', '2020-12-04 11:02:57', '2020-12-04 11:02:57');
INSERT INTO `preguntas` VALUES ('19', '¿SE ENCUENTRA SATISFECHO CON LA ATENCIÓN PRESTADA POR PARTE DE PSICOLOGIA?', 'A', 'user', '2020-12-04 11:02:57', '2020-12-04 11:02:57');
INSERT INTO `preguntas` VALUES ('20', '¿SE ENCUENTRA SATISFECHO CON LA ATENCIÓN PRESTADA EN LAS ÁREAS DE CULTURA?', 'A', 'user', '2020-12-04 11:02:57', '2020-12-04 11:02:57');
INSERT INTO `preguntas` VALUES ('21', '¿SE ENCUENTRA SATISFECHO CON LA ATENCIÓN PRESTADA EN LAS AREAS DEPORTE?', 'A', 'user', '2020-12-04 11:02:57', '2020-12-04 11:02:57');
INSERT INTO `preguntas` VALUES ('22', '¿SE ENCUENTRA SATISFECHO CON LA ATENCIÓN PRESTADA EN LA SALA VIRTUAL?', 'A', 'user', '2020-12-04 11:02:57', '2020-12-04 11:02:57');
INSERT INTO `preguntas` VALUES ('23', '¿SE ENCUENTRA SATISFECHO CAPACITACION E INDUCCION RECIBIDA?', 'A', 'user', '2020-12-04 11:02:57', '2020-12-04 11:02:57');
INSERT INTO `preguntas` VALUES ('24', '¿SE ENCUENTRA SATISFECHO CON EL PRESTAMO DE MATERIAL DOCUMENTAL?', 'A', 'user', '2020-12-04 11:02:57', '2020-12-04 11:02:57');
INSERT INTO `preguntas` VALUES ('25', '¿SE ENCUENTRA SATISFECHO CON LA ATENCIÓN PRESTADA EN INVESTIGACIONES?', 'A', 'user', '2020-12-04 11:02:57', '2020-12-04 11:02:57');
INSERT INTO `preguntas` VALUES ('26', '¿SE ENCUENTRA SATISFECHO CON LA ATENCIÓN PRESTADA EN AUDIOVISUALES- CARNET?', 'A', 'user', '2020-12-04 11:02:57', '2020-12-04 11:02:57');
INSERT INTO `preguntas` VALUES ('27', '¿SE ENCUENTRA SATISFECHO CON LA ATENCIÓN PRESTADA EN AUDIOVISUALES?', 'A', 'user', '2020-12-04 11:02:57', '2020-12-04 11:02:57');
INSERT INTO `preguntas` VALUES ('28', '¿SE ENCUENTRA SATISFECHO CON LA ATENCIÓN PRESTADA EN AUDIOVISUALES?', 'A', 'user', '2020-12-04 11:02:57', '2020-12-04 11:02:57');
INSERT INTO `preguntas` VALUES ('29', '¿SE ENCUENTRA SATISFECHO CON LA ATENCIÓN PRESTADA EN FORMACION ACADEMICA?', 'A', 'user', '2020-12-04 11:02:57', '2020-12-04 11:02:57');
INSERT INTO `preguntas` VALUES ('30', '¿SE ENCUENTRA SATISFECHO CON LOS BAÑOS DE LA INSTITUCION?', 'A', 'user', '2020-12-04 11:02:57', '2020-12-04 11:02:57');
INSERT INTO `preguntas` VALUES ('31', '¿SE ENCUENTRA SATISFECHO CON LAS AULAS DE LA INSTITUCION?', 'A', 'user', '2020-12-04 11:02:57', '2020-12-04 11:02:57');
INSERT INTO `preguntas` VALUES ('32', '¿SE ENCUENTRA SATISFECHO CON LA ATENCION PRESTADA EN INTERNACIONALIZACION?', 'A', 'user', '2020-12-04 11:02:57', '2020-12-04 11:02:57');
INSERT INTO `preguntas` VALUES ('33', '¿SE ENCUENTRA SATISFECHO CON LA ATENCIÓN PRESTADA EN LA CAFETERIA?', 'A', 'user', '2020-12-04 11:02:57', '2020-12-04 11:02:57');
INSERT INTO `preguntas` VALUES ('34', '¿SE ENCUENTRA SATISFECHO CON LA ATENCIÓN PRESTADA EN EL ÁREA DEL GIMNASIO?', 'A', 'user', '2020-12-04 11:02:57', '2020-12-04 11:02:57');
INSERT INTO `preguntas` VALUES ('35', '¿CÓMO FUE EL SERVICIO OFERTADO EN BIBLIOTECA?', 'A', 'user', '2020-12-04 11:02:57', '2020-12-04 11:02:57');
INSERT INTO `preguntas` VALUES ('36', '¿SE ENCUENTRA SATISFECHO CON LA ATENCIÓN PRESTADA EN CREDITO Y CARTERA?', 'A', 'user', '2020-12-04 11:02:57', '2020-12-04 11:02:57');
INSERT INTO `preguntas` VALUES ('37', '¿SE ENCUENTRA SATISFECHO CON LA ATENCIÓN PRESTADA EN ADMISIONES?', 'A', 'user', '2020-12-04 11:02:57', '2020-12-04 11:02:57');
INSERT INTO `preguntas` VALUES ('38', '¿SE ENCUENTRA SATISFECHO CON LA ENTREGA OPORTUNA DE LOS CERTIFICADOS?', 'A', 'user', '2020-12-04 11:02:57', '2020-12-04 11:02:57');
INSERT INTO `preguntas` VALUES ('39', '¿SE ENCUENTRA SATISFECHO CON LA ATENCIÓN PRESTADA EN REGISTRO?', 'A', 'user', '2020-12-04 11:02:57', '2020-12-04 11:02:57');
INSERT INTO `preguntas` VALUES ('40', '¿SE ENCUENTRA SATISFECHO CON LA ATENCION PRESTADA EN ADM FINANCIERA?', 'A', 'user', '2020-12-04 11:02:57', '2020-12-04 11:02:57');
INSERT INTO `preguntas` VALUES ('41', '¿SE ENCUENTRA SATISFECHO CON LA ATENCION PRESTADA EN MYC?', 'A', 'user', '2020-12-04 11:02:57', '2020-12-04 11:02:57');

-- ----------------------------
-- Table structure for preguntas_lugar
-- ----------------------------
DROP TABLE IF EXISTS `preguntas_lugar`;
CREATE TABLE `preguntas_lugar` (
  `id` int(11) NOT NULL AUTO_INCREMENT,
  `id_pregunta` int(11) NOT NULL,
  `id_lugar` int(11) NOT NULL,
  `id_sede` int(11) DEFAULT NULL,
  `piso` int(3) DEFAULT NULL,
  `created_at` timestamp NOT NULL DEFAULT CURRENT_TIMESTAMP,
  `updated_at` timestamp NOT NULL DEFAULT CURRENT_TIMESTAMP ON UPDATE CURRENT_TIMESTAMP,
  PRIMARY KEY (`id`) USING BTREE,
  KEY `fk_id_pregunta` (`id_pregunta`),
  KEY `fk_idlugar` (`id_lugar`),
  KEY `fk_idsede` (`id_sede`),
  CONSTRAINT `fk_id_pregunta` FOREIGN KEY (`id_pregunta`) REFERENCES `preguntas` (`id`) ON DELETE CASCADE ON UPDATE CASCADE,
  CONSTRAINT `fk_idlugar` FOREIGN KEY (`id_lugar`) REFERENCES `lugares` (`id`) ON DELETE CASCADE ON UPDATE CASCADE,
  CONSTRAINT `fk_idsede` FOREIGN KEY (`id_sede`) REFERENCES `sedes` (`id`) ON DELETE CASCADE ON UPDATE CASCADE
) ENGINE=InnoDB AUTO_INCREMENT=154 DEFAULT CHARSET=utf8mb4 COLLATE=utf8mb4_unicode_ci ROW_FORMAT=COMPACT;

-- ----------------------------
-- Records of preguntas_lugar
-- ----------------------------
INSERT INTO `preguntas_lugar` VALUES ('9', '17', '10', '2', '2', '2020-12-04 11:02:57', '2020-12-04 11:02:57');
INSERT INTO `preguntas_lugar` VALUES ('10', '17', '11', '1', '7', '2020-12-04 11:02:57', '2020-12-04 11:02:57');
INSERT INTO `preguntas_lugar` VALUES ('11', '17', '12', '1', '1', '2020-12-04 11:02:57', '2020-12-04 11:02:57');
INSERT INTO `preguntas_lugar` VALUES ('12', '17', '13', '1', '1', '2020-12-04 11:02:57', '2020-12-04 11:02:57');
INSERT INTO `preguntas_lugar` VALUES ('13', '17', '14', '1', '1', '2020-12-04 11:02:57', '2020-12-04 11:02:57');
INSERT INTO `preguntas_lugar` VALUES ('14', '17', '15', '1', '1', '2020-12-04 11:02:57', '2020-12-04 11:02:57');
INSERT INTO `preguntas_lugar` VALUES ('15', '17', '16', '1', '1', '2020-12-04 11:02:57', '2020-12-04 11:02:57');
INSERT INTO `preguntas_lugar` VALUES ('16', '17', '17', '3', '2', '2020-12-04 11:02:57', '2020-12-04 11:02:57');
INSERT INTO `preguntas_lugar` VALUES ('17', '17', '18', '3', '2', '2020-12-04 11:02:57', '2020-12-04 11:02:57');
INSERT INTO `preguntas_lugar` VALUES ('18', '17', '19', '1', '1', '2020-12-04 11:02:57', '2020-12-04 11:02:57');
INSERT INTO `preguntas_lugar` VALUES ('19', '17', '20', '1', '1', '2020-12-04 11:02:57', '2020-12-04 11:02:57');
INSERT INTO `preguntas_lugar` VALUES ('20', '17', '21', '3', '2', '2020-12-04 11:02:57', '2020-12-04 11:02:57');
INSERT INTO `preguntas_lugar` VALUES ('21', '18', '22', '3', '2', '2020-12-04 11:02:57', '2020-12-04 11:02:57');
INSERT INTO `preguntas_lugar` VALUES ('22', '34', '23', '3', '2', '2020-12-04 11:02:57', '2020-12-04 11:02:57');
INSERT INTO `preguntas_lugar` VALUES ('23', '35', '24', '3', '2', '2020-12-04 11:02:57', '2020-12-04 11:02:57');
INSERT INTO `preguntas_lugar` VALUES ('24', '33', '25', '3', '3', '2020-12-04 11:02:57', '2020-12-04 11:02:57');
INSERT INTO `preguntas_lugar` VALUES ('25', '27', '26', '3', '3', '2020-12-04 11:02:57', '2020-12-04 11:02:57');
INSERT INTO `preguntas_lugar` VALUES ('26', '36', '27', '3', '3', '2020-12-04 11:02:57', '2020-12-04 11:02:57');
INSERT INTO `preguntas_lugar` VALUES ('27', '36', '28', '3', '3', '2020-12-04 11:02:57', '2020-12-04 11:02:57');
INSERT INTO `preguntas_lugar` VALUES ('28', '36', '29', '3', '3', '2020-12-04 11:02:57', '2020-12-04 11:02:57');
INSERT INTO `preguntas_lugar` VALUES ('29', '36', '30', '3', '3', '2020-12-04 11:02:57', '2020-12-04 11:02:57');
INSERT INTO `preguntas_lugar` VALUES ('30', '37', '5', '3', '2', '2020-12-04 11:02:57', '2020-12-04 11:02:57');
INSERT INTO `preguntas_lugar` VALUES ('31', '38', '31', '3', '2', '2020-12-04 11:02:57', '2020-12-04 11:02:57');
INSERT INTO `preguntas_lugar` VALUES ('32', '39', '32', '3', '2', '2020-12-04 11:02:57', '2020-12-04 11:02:57');
INSERT INTO `preguntas_lugar` VALUES ('33', '40', '33', '3', '3', '2020-12-04 11:02:57', '2020-12-04 11:02:57');
INSERT INTO `preguntas_lugar` VALUES ('34', '41', '34', '3', '2', '2020-12-04 11:02:57', '2020-12-04 11:02:57');
INSERT INTO `preguntas_lugar` VALUES ('35', '41', '35', '3', '2', '2020-12-04 11:02:57', '2020-12-04 11:02:57');
INSERT INTO `preguntas_lugar` VALUES ('36', '41', '36', '3', '2', '2020-12-04 11:02:57', '2020-12-04 11:02:57');
INSERT INTO `preguntas_lugar` VALUES ('37', '41', '37', '3', '2', '2020-12-04 11:02:57', '2020-12-04 11:02:57');
INSERT INTO `preguntas_lugar` VALUES ('38', '41', '38', '3', '2', '2020-12-04 11:02:57', '2020-12-04 11:02:57');
INSERT INTO `preguntas_lugar` VALUES ('39', '41', '39', '3', '2', '2020-12-04 11:02:57', '2020-12-04 11:02:57');
INSERT INTO `preguntas_lugar` VALUES ('40', '41', '40', '3', '2', '2020-12-04 11:02:57', '2020-12-04 11:02:57');
INSERT INTO `preguntas_lugar` VALUES ('41', '41', '41', '3', '2', '2020-12-04 11:02:57', '2020-12-04 11:02:57');
INSERT INTO `preguntas_lugar` VALUES ('42', '41', '42', '3', '2', '2020-12-04 11:02:57', '2020-12-04 11:02:57');
INSERT INTO `preguntas_lugar` VALUES ('43', '41', '43', '3', '2', '2020-12-04 11:02:57', '2020-12-04 11:02:57');
INSERT INTO `preguntas_lugar` VALUES ('44', '41', '44', '3', '2', '2020-12-04 11:02:57', '2020-12-04 11:02:57');
INSERT INTO `preguntas_lugar` VALUES ('45', '41', '45', '3', '2', '2020-12-04 11:02:57', '2020-12-04 11:02:57');
INSERT INTO `preguntas_lugar` VALUES ('46', '41', '46', '3', '2', '2020-12-04 11:02:57', '2020-12-04 11:02:57');
INSERT INTO `preguntas_lugar` VALUES ('48', '30', '47', '3', '3', '2020-12-04 11:02:57', '2020-12-04 11:02:57');
INSERT INTO `preguntas_lugar` VALUES ('49', '30', '48', '3', '3', '2020-12-04 11:02:57', '2020-12-04 11:02:57');
INSERT INTO `preguntas_lugar` VALUES ('50', '30', '49', '3', '3', '2020-12-04 11:02:57', '2020-12-04 11:02:57');
INSERT INTO `preguntas_lugar` VALUES ('51', '30', '50', '3', '3', '2020-12-04 11:02:57', '2020-12-04 11:02:57');
INSERT INTO `preguntas_lugar` VALUES ('52', '30', '66', '1', '1', '2020-12-04 11:02:57', '2020-12-04 11:02:57');
INSERT INTO `preguntas_lugar` VALUES ('53', '30', '67', '1', '1', '2020-12-04 11:02:57', '2020-12-04 11:02:57');
INSERT INTO `preguntas_lugar` VALUES ('54', '30', '71', '2', '2', '2020-12-04 11:02:57', '2020-12-04 11:02:57');
INSERT INTO `preguntas_lugar` VALUES ('55', '30', '72', '2', '2', '2020-12-04 11:02:57', '2020-12-04 11:02:57');
INSERT INTO `preguntas_lugar` VALUES ('56', '30', '73', '1', '1', '2020-12-04 11:02:57', '2020-12-04 11:02:57');
INSERT INTO `preguntas_lugar` VALUES ('57', '30', '74', '1', '1', '2020-12-04 11:02:57', '2020-12-04 11:02:57');
INSERT INTO `preguntas_lugar` VALUES ('58', '30', '75', '1', '2', '2020-12-04 11:02:57', '2020-12-04 11:02:57');
INSERT INTO `preguntas_lugar` VALUES ('59', '30', '76', '1', '3', '2020-12-04 11:02:57', '2020-12-04 11:02:57');
INSERT INTO `preguntas_lugar` VALUES ('60', '30', '77', '1', '4', '2020-12-04 11:02:57', '2020-12-04 11:02:57');
INSERT INTO `preguntas_lugar` VALUES ('61', '30', '78', '1', '5', '2020-12-04 11:02:57', '2020-12-04 11:02:57');
INSERT INTO `preguntas_lugar` VALUES ('62', '30', '79', '1', '6', '2020-12-04 11:02:57', '2020-12-04 11:02:57');
INSERT INTO `preguntas_lugar` VALUES ('63', '30', '80', '1', '2', '2020-12-04 11:02:57', '2020-12-04 11:02:57');
INSERT INTO `preguntas_lugar` VALUES ('64', '30', '81', '1', '3', '2020-12-04 11:02:57', '2020-12-04 11:02:57');
INSERT INTO `preguntas_lugar` VALUES ('65', '30', '82', '1', '4', '2020-12-04 11:02:57', '2020-12-04 11:02:57');
INSERT INTO `preguntas_lugar` VALUES ('66', '30', '83', '1', '5', '2020-12-04 11:02:57', '2020-12-04 11:02:57');
INSERT INTO `preguntas_lugar` VALUES ('67', '30', '84', '1', '6', '2020-12-04 11:02:57', '2020-12-04 11:02:57');
INSERT INTO `preguntas_lugar` VALUES ('68', '31', '85', '1', '1', '2020-12-04 11:02:57', '2020-12-04 11:02:57');
INSERT INTO `preguntas_lugar` VALUES ('69', '31', '86', '1', '1', '2020-12-04 11:02:57', '2020-12-04 11:02:57');
INSERT INTO `preguntas_lugar` VALUES ('70', '31', '87', '1', '2', '2020-12-04 11:02:57', '2020-12-04 11:02:57');
INSERT INTO `preguntas_lugar` VALUES ('71', '31', '89', '1', '2', '2020-12-04 11:02:57', '2020-12-04 11:02:57');
INSERT INTO `preguntas_lugar` VALUES ('72', '31', '90', '1', '2', '2020-12-04 11:02:57', '2020-12-04 11:02:57');
INSERT INTO `preguntas_lugar` VALUES ('73', '31', '91', '1', '2', '2020-12-04 11:02:57', '2020-12-04 11:02:57');
INSERT INTO `preguntas_lugar` VALUES ('74', '31', '92', '1', '2', '2020-12-04 11:02:57', '2020-12-04 11:02:57');
INSERT INTO `preguntas_lugar` VALUES ('75', '31', '93', '1', '2', '2020-12-04 11:02:57', '2020-12-04 11:02:57');
INSERT INTO `preguntas_lugar` VALUES ('76', '31', '94', '1', '2', '2020-12-04 11:02:57', '2020-12-04 11:02:57');
INSERT INTO `preguntas_lugar` VALUES ('77', '31', '95', '1', '3', '2020-12-04 11:02:57', '2020-12-04 11:02:57');
INSERT INTO `preguntas_lugar` VALUES ('78', '31', '96', '1', '3', '2020-12-04 11:02:57', '2020-12-04 11:02:57');
INSERT INTO `preguntas_lugar` VALUES ('79', '31', '97', '1', '3', '2020-12-04 11:02:57', '2020-12-04 11:02:57');
INSERT INTO `preguntas_lugar` VALUES ('80', '31', '98', '1', '3', '2020-12-04 11:02:57', '2020-12-04 11:02:57');
INSERT INTO `preguntas_lugar` VALUES ('81', '31', '99', '1', '3', '2020-12-04 11:02:57', '2020-12-04 11:02:57');
INSERT INTO `preguntas_lugar` VALUES ('82', '31', '100', '1', '3', '2020-12-04 11:02:57', '2020-12-04 11:02:57');
INSERT INTO `preguntas_lugar` VALUES ('83', '31', '101', '1', '3', '2020-12-04 11:02:57', '2020-12-04 11:02:57');
INSERT INTO `preguntas_lugar` VALUES ('84', '31', '102', '1', '3', '2020-12-04 11:02:57', '2020-12-04 11:02:57');
INSERT INTO `preguntas_lugar` VALUES ('85', '31', '103', '1', '3', '2020-12-04 11:02:57', '2020-12-04 11:02:57');
INSERT INTO `preguntas_lugar` VALUES ('86', '31', '104', '1', '3', '2020-12-04 11:02:57', '2020-12-04 11:02:57');
INSERT INTO `preguntas_lugar` VALUES ('87', '31', '105', '1', '3', '2020-12-04 11:02:57', '2020-12-04 11:02:57');
INSERT INTO `preguntas_lugar` VALUES ('88', '31', '106', '1', '3', '2020-12-04 11:02:57', '2020-12-04 11:02:57');
INSERT INTO `preguntas_lugar` VALUES ('89', '31', '107', '1', '3', '2020-12-04 11:02:57', '2020-12-04 11:02:57');
INSERT INTO `preguntas_lugar` VALUES ('90', '31', '108', '1', '3', '2020-12-04 11:02:57', '2020-12-04 11:02:57');
INSERT INTO `preguntas_lugar` VALUES ('91', '31', '109', '1', '6', '2020-12-04 11:02:57', '2020-12-04 11:02:57');
INSERT INTO `preguntas_lugar` VALUES ('92', '31', '110', '1', '6', '2020-12-04 11:02:57', '2020-12-04 11:02:57');
INSERT INTO `preguntas_lugar` VALUES ('93', '31', '111', '1', '6', '2020-12-04 11:02:57', '2020-12-04 11:02:57');
INSERT INTO `preguntas_lugar` VALUES ('94', '31', '112', '1', '6', '2020-12-04 11:02:57', '2020-12-04 11:02:57');
INSERT INTO `preguntas_lugar` VALUES ('95', '31', '113', '1', '6', '2020-12-04 11:02:57', '2020-12-04 11:02:57');
INSERT INTO `preguntas_lugar` VALUES ('97', '31', '115', '1', '6', '2020-12-04 11:02:57', '2020-12-04 11:02:57');
INSERT INTO `preguntas_lugar` VALUES ('98', '31', '116', '1', '6', '2020-12-04 11:02:57', '2020-12-04 11:02:57');
INSERT INTO `preguntas_lugar` VALUES ('99', '31', '117', '3', '3', '2020-12-04 11:02:57', '2020-12-04 11:02:57');
INSERT INTO `preguntas_lugar` VALUES ('100', '31', '118', '3', '2', '2020-12-04 11:02:57', '2020-12-04 11:02:57');
INSERT INTO `preguntas_lugar` VALUES ('101', '31', '119', '3', '2', '2020-12-04 11:02:57', '2020-12-04 11:02:57');
INSERT INTO `preguntas_lugar` VALUES ('102', '31', '120', '3', '3', '2020-12-04 11:02:57', '2020-12-04 11:02:57');
INSERT INTO `preguntas_lugar` VALUES ('103', '31', '121', '3', '3', '2020-12-04 11:02:57', '2020-12-04 11:02:57');
INSERT INTO `preguntas_lugar` VALUES ('104', '31', '122', '3', '3', '2020-12-04 11:02:57', '2020-12-04 11:02:57');
INSERT INTO `preguntas_lugar` VALUES ('105', '31', '123', '3', '3', '2020-12-04 11:02:57', '2020-12-04 11:02:57');
INSERT INTO `preguntas_lugar` VALUES ('106', '31', '124', '3', '3', '2020-12-04 11:02:57', '2020-12-04 11:02:57');
INSERT INTO `preguntas_lugar` VALUES ('107', '31', '125', '3', '3', '2020-12-04 11:02:57', '2020-12-04 11:02:57');
INSERT INTO `preguntas_lugar` VALUES ('108', '31', '126', '3', '3', '2020-12-04 11:02:57', '2020-12-04 11:02:57');
INSERT INTO `preguntas_lugar` VALUES ('109', '31', '127', '3', '3', '2020-12-04 11:02:57', '2020-12-04 11:02:57');
INSERT INTO `preguntas_lugar` VALUES ('110', '31', '128', '3', '3', '2020-12-04 11:02:57', '2020-12-04 11:02:57');
INSERT INTO `preguntas_lugar` VALUES ('111', '31', '129', '3', '3', '2020-12-04 11:02:57', '2020-12-04 11:02:57');
INSERT INTO `preguntas_lugar` VALUES ('112', '31', '130', '3', '3', '2020-12-04 11:02:57', '2020-12-04 11:02:57');
INSERT INTO `preguntas_lugar` VALUES ('113', '31', '131', '3', '3', '2020-12-04 11:02:57', '2020-12-04 11:02:57');
INSERT INTO `preguntas_lugar` VALUES ('114', '31', '132', '3', '3', '2020-12-04 11:02:57', '2020-12-04 11:02:57');
INSERT INTO `preguntas_lugar` VALUES ('115', '31', '133', '3', '3', '2020-12-04 11:02:57', '2020-12-04 11:02:57');
INSERT INTO `preguntas_lugar` VALUES ('116', '31', '134', '3', '3', '2020-12-04 11:02:57', '2020-12-04 11:02:57');
INSERT INTO `preguntas_lugar` VALUES ('117', '18', '51', '1', '1', '2020-12-04 11:02:57', '2020-12-04 11:02:57');
INSERT INTO `preguntas_lugar` VALUES ('118', '19', '52', '1', '1', '2020-12-04 11:02:57', '2020-12-04 11:02:57');
INSERT INTO `preguntas_lugar` VALUES ('119', '19', '53', '1', '1', '2020-12-04 11:02:57', '2020-12-04 11:02:57');
INSERT INTO `preguntas_lugar` VALUES ('120', '20', '54', '1', '1', '2020-12-04 11:02:57', '2020-12-04 11:02:57');
INSERT INTO `preguntas_lugar` VALUES ('121', '21', '55', '1', '1', '2020-12-04 11:02:57', '2020-12-04 11:02:57');
INSERT INTO `preguntas_lugar` VALUES ('122', '21', '56', '1', '1', '2020-12-04 11:02:57', '2020-12-04 11:02:57');
INSERT INTO `preguntas_lugar` VALUES ('123', '21', '57', '1', '1', '2020-12-04 11:02:57', '2020-12-04 11:02:57');
INSERT INTO `preguntas_lugar` VALUES ('124', '21', '58', '1', '1', '2020-12-04 11:02:57', '2020-12-04 11:02:57');
INSERT INTO `preguntas_lugar` VALUES ('125', '22', '7', '1', '1', '2020-12-04 11:02:57', '2020-12-04 11:02:57');
INSERT INTO `preguntas_lugar` VALUES ('126', '23', '59', '1', '1', '2020-12-04 11:02:57', '2020-12-04 11:02:57');
INSERT INTO `preguntas_lugar` VALUES ('127', '24', '60', '1', '1', '2020-12-04 11:02:57', '2020-12-04 11:02:57');
INSERT INTO `preguntas_lugar` VALUES ('128', '25', '61', '1', '1', '2020-12-04 11:02:57', '2020-12-04 11:02:57');
INSERT INTO `preguntas_lugar` VALUES ('129', '26', '62', '1', '1', '2020-12-04 11:02:57', '2020-12-04 11:02:57');
INSERT INTO `preguntas_lugar` VALUES ('130', '27', '63', '1', '2', '2020-12-04 11:02:57', '2020-12-04 11:02:57');
INSERT INTO `preguntas_lugar` VALUES ('131', '27', '64', '1', '1', '2020-12-04 11:02:57', '2020-12-04 11:02:57');
INSERT INTO `preguntas_lugar` VALUES ('132', '29', '65', '1', '3', '2020-12-04 11:02:57', '2020-12-04 11:02:57');
INSERT INTO `preguntas_lugar` VALUES ('133', '32', '68', '1', '3', '2020-12-04 11:02:57', '2020-12-04 11:02:57');
INSERT INTO `preguntas_lugar` VALUES ('134', '33', '69', '1', '2', '2020-12-04 11:02:57', '2020-12-04 11:02:57');
INSERT INTO `preguntas_lugar` VALUES ('135', '33', '70', '1', '2', '2020-12-04 11:02:57', '2020-12-04 11:02:57');
INSERT INTO `preguntas_lugar` VALUES ('136', '41', '136', '3', '2', '2020-12-04 11:02:57', '2020-12-04 11:02:57');
INSERT INTO `preguntas_lugar` VALUES ('137', '37', '137', '3', '2', '2020-12-04 11:02:57', '2020-12-04 11:02:57');
INSERT INTO `preguntas_lugar` VALUES ('138', '37', '138', '3', '2', '2020-12-04 11:02:57', '2020-12-04 11:02:57');
INSERT INTO `preguntas_lugar` VALUES ('139', '31', '88', '1', '2', '2020-12-04 11:02:57', '2020-12-04 11:02:57');
INSERT INTO `preguntas_lugar` VALUES ('140', '31', '114', '1', '6', '2020-12-04 11:02:57', '2020-12-04 11:02:57');
INSERT INTO `preguntas_lugar` VALUES ('141', '31', '139', '1', '1', '2020-12-04 11:02:57', '2020-12-04 11:02:57');
INSERT INTO `preguntas_lugar` VALUES ('142', '31', '140', '1', '1', '2020-12-04 11:02:57', '2020-12-04 11:02:57');
INSERT INTO `preguntas_lugar` VALUES ('143', '31', '141', '1', '1', '2020-12-04 11:02:57', '2020-12-04 11:02:57');
INSERT INTO `preguntas_lugar` VALUES ('144', '31', '142', '1', '1', '2020-12-04 11:02:57', '2020-12-04 11:02:57');
INSERT INTO `preguntas_lugar` VALUES ('145', '31', '143', '1', '1', '2020-12-04 11:02:57', '2020-12-04 11:02:57');
INSERT INTO `preguntas_lugar` VALUES ('146', '31', '144', '1', '1', '2020-12-04 11:02:57', '2020-12-04 11:02:57');
INSERT INTO `preguntas_lugar` VALUES ('147', '31', '145', '1', '1', '2020-12-04 11:02:57', '2020-12-04 11:02:57');
INSERT INTO `preguntas_lugar` VALUES ('148', '31', '146', '1', '1', '2020-12-04 11:02:57', '2020-12-04 11:02:57');
INSERT INTO `preguntas_lugar` VALUES ('149', '31', '147', '1', '1', '2020-12-04 11:02:57', '2020-12-04 11:02:57');
INSERT INTO `preguntas_lugar` VALUES ('150', '31', '148', '1', '1', '2020-12-04 11:02:57', '2020-12-04 11:02:57');
INSERT INTO `preguntas_lugar` VALUES ('151', '31', '149', '1', '1', '2020-12-04 11:02:57', '2020-12-04 11:02:57');
INSERT INTO `preguntas_lugar` VALUES ('152', '31', '150', '1', '1', '2020-12-04 11:02:57', '2020-12-04 11:02:57');
INSERT INTO `preguntas_lugar` VALUES ('153', '30', '151', '5', '1', '2020-12-04 11:02:57', '2020-12-04 11:02:57');

-- ----------------------------
-- Table structure for preguntas_lugar_opciones
-- ----------------------------
DROP TABLE IF EXISTS `preguntas_lugar_opciones`;
CREATE TABLE `preguntas_lugar_opciones` (
  `id` int(11) NOT NULL AUTO_INCREMENT,
  `id_preguntas_lugar` int(11) DEFAULT NULL,
  `id_lugares_opciones` varchar(255) DEFAULT NULL,
  PRIMARY KEY (`id`),
  KEY `fk_idpreglugar` (`id_preguntas_lugar`),
  CONSTRAINT `fk_idpreglugar` FOREIGN KEY (`id_preguntas_lugar`) REFERENCES `preguntas_lugar` (`id`) ON DELETE CASCADE ON UPDATE CASCADE
) ENGINE=InnoDB AUTO_INCREMENT=154 DEFAULT CHARSET=utf8;

-- ----------------------------
-- Records of preguntas_lugar_opciones
-- ----------------------------
INSERT INTO `preguntas_lugar_opciones` VALUES ('9', '9', '91,92,93,94');
INSERT INTO `preguntas_lugar_opciones` VALUES ('10', '10', '95,96,97,98');
INSERT INTO `preguntas_lugar_opciones` VALUES ('11', '11', '99,100,101,102');
INSERT INTO `preguntas_lugar_opciones` VALUES ('12', '12', '103,104,105,106');
INSERT INTO `preguntas_lugar_opciones` VALUES ('13', '13', '107,108,109,110');
INSERT INTO `preguntas_lugar_opciones` VALUES ('14', '14', '111,112,113,114');
INSERT INTO `preguntas_lugar_opciones` VALUES ('15', '15', '115,116,117,118');
INSERT INTO `preguntas_lugar_opciones` VALUES ('16', '16', '119,120,121,122');
INSERT INTO `preguntas_lugar_opciones` VALUES ('17', '17', '123,124,125,126');
INSERT INTO `preguntas_lugar_opciones` VALUES ('18', '18', '127,128,129,130');
INSERT INTO `preguntas_lugar_opciones` VALUES ('19', '19', '131,132,133,134');
INSERT INTO `preguntas_lugar_opciones` VALUES ('20', '20', '135,136,137,138');
INSERT INTO `preguntas_lugar_opciones` VALUES ('21', '21', '239,240,241');
INSERT INTO `preguntas_lugar_opciones` VALUES ('22', '22', '242,243,244');
INSERT INTO `preguntas_lugar_opciones` VALUES ('23', '23', '245,246');
INSERT INTO `preguntas_lugar_opciones` VALUES ('24', '24', '230,231,232,247');
INSERT INTO `preguntas_lugar_opciones` VALUES ('25', '25', '31,32,33');
INSERT INTO `preguntas_lugar_opciones` VALUES ('26', '26', '248,249');
INSERT INTO `preguntas_lugar_opciones` VALUES ('27', '27', '250,251');
INSERT INTO `preguntas_lugar_opciones` VALUES ('28', '28', '252,253');
INSERT INTO `preguntas_lugar_opciones` VALUES ('29', '29', '254,255');
INSERT INTO `preguntas_lugar_opciones` VALUES ('30', '30', '14,34,35,36');
INSERT INTO `preguntas_lugar_opciones` VALUES ('31', '31', '39,40,41,42,43');
INSERT INTO `preguntas_lugar_opciones` VALUES ('32', '32', '44,45,46,47,48');
INSERT INTO `preguntas_lugar_opciones` VALUES ('33', '33', '256,257');
INSERT INTO `preguntas_lugar_opciones` VALUES ('34', '34', '49,50,51');
INSERT INTO `preguntas_lugar_opciones` VALUES ('35', '35', '52,53,54');
INSERT INTO `preguntas_lugar_opciones` VALUES ('36', '36', '55,56,57');
INSERT INTO `preguntas_lugar_opciones` VALUES ('37', '37', '58,59,60');
INSERT INTO `preguntas_lugar_opciones` VALUES ('38', '38', '61,62,63');
INSERT INTO `preguntas_lugar_opciones` VALUES ('39', '39', '64,65,66');
INSERT INTO `preguntas_lugar_opciones` VALUES ('40', '40', '67,68,69');
INSERT INTO `preguntas_lugar_opciones` VALUES ('41', '41', '70,71,72');
INSERT INTO `preguntas_lugar_opciones` VALUES ('42', '42', '73,74,75');
INSERT INTO `preguntas_lugar_opciones` VALUES ('43', '43', '76,77,78');
INSERT INTO `preguntas_lugar_opciones` VALUES ('44', '44', '79,80,81');
INSERT INTO `preguntas_lugar_opciones` VALUES ('45', '45', '82,83,84');
INSERT INTO `preguntas_lugar_opciones` VALUES ('46', '46', '85,86,87');
INSERT INTO `preguntas_lugar_opciones` VALUES ('48', '48', '167,168,169');
INSERT INTO `preguntas_lugar_opciones` VALUES ('49', '49', '170,171,172');
INSERT INTO `preguntas_lugar_opciones` VALUES ('50', '50', '173,174,175');
INSERT INTO `preguntas_lugar_opciones` VALUES ('51', '51', '176,177,178');
INSERT INTO `preguntas_lugar_opciones` VALUES ('52', '52', '179,180,181');
INSERT INTO `preguntas_lugar_opciones` VALUES ('53', '53', '182,183,184');
INSERT INTO `preguntas_lugar_opciones` VALUES ('54', '54', '185,186,187');
INSERT INTO `preguntas_lugar_opciones` VALUES ('55', '55', '188,189,190');
INSERT INTO `preguntas_lugar_opciones` VALUES ('56', '56', '191,192,193');
INSERT INTO `preguntas_lugar_opciones` VALUES ('57', '57', '194,195,196');
INSERT INTO `preguntas_lugar_opciones` VALUES ('58', '58', '197,198,199');
INSERT INTO `preguntas_lugar_opciones` VALUES ('59', '59', '200,201,202');
INSERT INTO `preguntas_lugar_opciones` VALUES ('60', '60', '203,204,205');
INSERT INTO `preguntas_lugar_opciones` VALUES ('61', '61', '206,207,208');
INSERT INTO `preguntas_lugar_opciones` VALUES ('62', '62', '209,210,211');
INSERT INTO `preguntas_lugar_opciones` VALUES ('63', '63', '212,213,214');
INSERT INTO `preguntas_lugar_opciones` VALUES ('64', '64', '215,216,217');
INSERT INTO `preguntas_lugar_opciones` VALUES ('65', '65', '218,219,220');
INSERT INTO `preguntas_lugar_opciones` VALUES ('66', '66', '221,222,223');
INSERT INTO `preguntas_lugar_opciones` VALUES ('67', '67', '224,225,226');
INSERT INTO `preguntas_lugar_opciones` VALUES ('68', '68', '258,260');
INSERT INTO `preguntas_lugar_opciones` VALUES ('69', '69', '261,262');
INSERT INTO `preguntas_lugar_opciones` VALUES ('70', '70', '263,264');
INSERT INTO `preguntas_lugar_opciones` VALUES ('71', '71', '267,268');
INSERT INTO `preguntas_lugar_opciones` VALUES ('72', '72', '269,270');
INSERT INTO `preguntas_lugar_opciones` VALUES ('73', '73', '271,272');
INSERT INTO `preguntas_lugar_opciones` VALUES ('74', '74', '273,274');
INSERT INTO `preguntas_lugar_opciones` VALUES ('75', '75', '275,276');
INSERT INTO `preguntas_lugar_opciones` VALUES ('76', '76', '277,278');
INSERT INTO `preguntas_lugar_opciones` VALUES ('77', '77', '279,280');
INSERT INTO `preguntas_lugar_opciones` VALUES ('78', '78', '281,282');
INSERT INTO `preguntas_lugar_opciones` VALUES ('79', '79', '283,284');
INSERT INTO `preguntas_lugar_opciones` VALUES ('80', '80', '285,286');
INSERT INTO `preguntas_lugar_opciones` VALUES ('81', '81', '287,288');
INSERT INTO `preguntas_lugar_opciones` VALUES ('82', '82', '289,290');
INSERT INTO `preguntas_lugar_opciones` VALUES ('83', '83', '291,292');
INSERT INTO `preguntas_lugar_opciones` VALUES ('84', '84', '293,294');
INSERT INTO `preguntas_lugar_opciones` VALUES ('85', '85', '295,296');
INSERT INTO `preguntas_lugar_opciones` VALUES ('86', '86', '297,298');
INSERT INTO `preguntas_lugar_opciones` VALUES ('87', '87', '299,300');
INSERT INTO `preguntas_lugar_opciones` VALUES ('88', '88', '301,302');
INSERT INTO `preguntas_lugar_opciones` VALUES ('89', '89', '303,304');
INSERT INTO `preguntas_lugar_opciones` VALUES ('90', '90', '305,306');
INSERT INTO `preguntas_lugar_opciones` VALUES ('91', '91', '307,308');
INSERT INTO `preguntas_lugar_opciones` VALUES ('92', '92', '309,310');
INSERT INTO `preguntas_lugar_opciones` VALUES ('93', '93', '311,312');
INSERT INTO `preguntas_lugar_opciones` VALUES ('94', '94', '313,314');
INSERT INTO `preguntas_lugar_opciones` VALUES ('95', '95', '315,316');
INSERT INTO `preguntas_lugar_opciones` VALUES ('97', '97', '319,320');
INSERT INTO `preguntas_lugar_opciones` VALUES ('98', '98', '321,322');
INSERT INTO `preguntas_lugar_opciones` VALUES ('99', '99', '323,324');
INSERT INTO `preguntas_lugar_opciones` VALUES ('100', '100', '325,326');
INSERT INTO `preguntas_lugar_opciones` VALUES ('101', '101', '327,328');
INSERT INTO `preguntas_lugar_opciones` VALUES ('102', '102', '329,330');
INSERT INTO `preguntas_lugar_opciones` VALUES ('103', '103', '331,332');
INSERT INTO `preguntas_lugar_opciones` VALUES ('104', '104', '333,334');
INSERT INTO `preguntas_lugar_opciones` VALUES ('105', '105', '335,336');
INSERT INTO `preguntas_lugar_opciones` VALUES ('106', '106', '337,338');
INSERT INTO `preguntas_lugar_opciones` VALUES ('107', '107', '339,340');
INSERT INTO `preguntas_lugar_opciones` VALUES ('108', '108', '341,342');
INSERT INTO `preguntas_lugar_opciones` VALUES ('109', '109', '343,344');
INSERT INTO `preguntas_lugar_opciones` VALUES ('110', '110', '345,346');
INSERT INTO `preguntas_lugar_opciones` VALUES ('111', '111', '347,348');
INSERT INTO `preguntas_lugar_opciones` VALUES ('112', '112', '349,350');
INSERT INTO `preguntas_lugar_opciones` VALUES ('113', '113', '351,352');
INSERT INTO `preguntas_lugar_opciones` VALUES ('114', '114', '353,355');
INSERT INTO `preguntas_lugar_opciones` VALUES ('115', '115', '356,357');
INSERT INTO `preguntas_lugar_opciones` VALUES ('116', '116', '358,359');
INSERT INTO `preguntas_lugar_opciones` VALUES ('117', '117', '88,89,90');
INSERT INTO `preguntas_lugar_opciones` VALUES ('118', '118', '139,140,141');
INSERT INTO `preguntas_lugar_opciones` VALUES ('119', '119', '142,143,144');
INSERT INTO `preguntas_lugar_opciones` VALUES ('120', '120', '145,146,147');
INSERT INTO `preguntas_lugar_opciones` VALUES ('121', '121', '148,149,150');
INSERT INTO `preguntas_lugar_opciones` VALUES ('122', '122', '151,152,153');
INSERT INTO `preguntas_lugar_opciones` VALUES ('123', '123', '154,156,157');
INSERT INTO `preguntas_lugar_opciones` VALUES ('124', '124', '158,159,160');
INSERT INTO `preguntas_lugar_opciones` VALUES ('125', '125', '16,17,18,19,20,21');
INSERT INTO `preguntas_lugar_opciones` VALUES ('126', '126', '360,361');
INSERT INTO `preguntas_lugar_opciones` VALUES ('127', '127', '362,363');
INSERT INTO `preguntas_lugar_opciones` VALUES ('128', '128', '161,162,163');
INSERT INTO `preguntas_lugar_opciones` VALUES ('129', '129', '22,23,24');
INSERT INTO `preguntas_lugar_opciones` VALUES ('130', '130', '25,26,27');
INSERT INTO `preguntas_lugar_opciones` VALUES ('131', '131', '28,29,30');
INSERT INTO `preguntas_lugar_opciones` VALUES ('132', '132', '164,165,166');
INSERT INTO `preguntas_lugar_opciones` VALUES ('133', '133', '227,228,229');
INSERT INTO `preguntas_lugar_opciones` VALUES ('134', '134', '233,234,235');
INSERT INTO `preguntas_lugar_opciones` VALUES ('135', '135', '236,237,238');
INSERT INTO `preguntas_lugar_opciones` VALUES ('136', '136', '365,366,367');
INSERT INTO `preguntas_lugar_opciones` VALUES ('137', '137', '368,369,370');
INSERT INTO `preguntas_lugar_opciones` VALUES ('138', '138', '371,372,373');
INSERT INTO `preguntas_lugar_opciones` VALUES ('139', '139', '265,266');
INSERT INTO `preguntas_lugar_opciones` VALUES ('140', '140', '317,318');
INSERT INTO `preguntas_lugar_opciones` VALUES ('141', '141', '377,378');
INSERT INTO `preguntas_lugar_opciones` VALUES ('142', '142', '379,380');
INSERT INTO `preguntas_lugar_opciones` VALUES ('143', '143', '381,382');
INSERT INTO `preguntas_lugar_opciones` VALUES ('144', '144', '383,384');
INSERT INTO `preguntas_lugar_opciones` VALUES ('145', '145', '385,386');
INSERT INTO `preguntas_lugar_opciones` VALUES ('146', '146', '387,388');
INSERT INTO `preguntas_lugar_opciones` VALUES ('147', '147', '389,390');
INSERT INTO `preguntas_lugar_opciones` VALUES ('148', '148', '391,392');
INSERT INTO `preguntas_lugar_opciones` VALUES ('149', '149', '393,394');
INSERT INTO `preguntas_lugar_opciones` VALUES ('150', '150', '395,396');
INSERT INTO `preguntas_lugar_opciones` VALUES ('151', '151', '397,398');
INSERT INTO `preguntas_lugar_opciones` VALUES ('152', '152', '399,400');
INSERT INTO `preguntas_lugar_opciones` VALUES ('153', '153', '401,402,403,404');

-- ----------------------------
-- Table structure for respuestas
-- ----------------------------
DROP TABLE IF EXISTS `respuestas`;
CREATE TABLE `respuestas` (
  `id` int(11) NOT NULL AUTO_INCREMENT,
  `respuesta` varchar(255) DEFAULT NULL,
  `id_pl` varchar(255) DEFAULT NULL,
  `created_at` timestamp NOT NULL DEFAULT CURRENT_TIMESTAMP,
  `updated_at` timestamp NOT NULL DEFAULT CURRENT_TIMESTAMP ON UPDATE CURRENT_TIMESTAMP,
  PRIMARY KEY (`id`)
) ENGINE=InnoDB AUTO_INCREMENT=1566 DEFAULT CHARSET=utf8;

-- ----------------------------
-- Records of respuestas
-- ----------------------------
INSERT INTO `respuestas` VALUES ('177', 'Muy Satisfecho', '36', '2020-12-04 11:02:57', '2020-12-04 11:02:57');
INSERT INTO `respuestas` VALUES ('178', 'Satisfecho', '41', '2020-12-04 11:02:57', '2020-12-04 11:02:57');
INSERT INTO `respuestas` VALUES ('179', 'Muy Satisfecho', '35', '2020-12-04 11:02:57', '2020-12-04 11:02:57');
INSERT INTO `respuestas` VALUES ('180', 'Satisfecho', '36', '2020-12-04 11:02:57', '2020-12-04 11:02:57');
INSERT INTO `respuestas` VALUES ('181', 'Muy Satisfecho', '43', '2020-12-04 11:02:57', '2020-12-04 11:02:57');
INSERT INTO `respuestas` VALUES ('182', 'Muy Satisfecho', '43', '2020-12-04 11:02:57', '2020-12-04 11:02:57');
INSERT INTO `respuestas` VALUES ('183', 'Muy Satisfecho', '43', '2020-12-04 11:02:57', '2020-12-04 11:02:57');
INSERT INTO `respuestas` VALUES ('184', 'Satisfecho', '39', '2020-12-04 11:02:57', '2020-12-04 11:02:57');
INSERT INTO `respuestas` VALUES ('185', 'Muy Satisfecho', '46', '2020-12-04 11:02:57', '2020-12-04 11:02:57');
INSERT INTO `respuestas` VALUES ('186', 'Muy Satisfecho', '136', '2020-12-04 11:02:57', '2020-12-04 11:02:57');
INSERT INTO `respuestas` VALUES ('187', 'Muy Satisfecho', '31', '2020-12-04 11:02:57', '2020-12-04 11:02:57');
INSERT INTO `respuestas` VALUES ('188', 'Muy Satisfecho', '31', '2020-12-04 11:02:57', '2020-12-04 11:02:57');
INSERT INTO `respuestas` VALUES ('189', 'Satisfecho', '30', '2020-12-04 11:02:57', '2020-12-04 11:02:57');
INSERT INTO `respuestas` VALUES ('190', 'Satisfecho', '30', '2020-12-04 11:02:57', '2020-12-04 11:02:57');
INSERT INTO `respuestas` VALUES ('191', 'Muy Satisfecho', '30', '2020-12-04 11:02:57', '2020-12-04 11:02:57');
INSERT INTO `respuestas` VALUES ('192', 'Muy Satisfecho', '30', '2020-12-04 11:02:57', '2020-12-04 11:02:57');
INSERT INTO `respuestas` VALUES ('193', 'Muy Satisfecho', '30', '2020-12-04 11:02:57', '2020-12-04 11:02:57');
INSERT INTO `respuestas` VALUES ('194', 'Muy Satisfecho', '30', '2020-12-04 11:02:57', '2020-12-04 11:02:57');
INSERT INTO `respuestas` VALUES ('195', 'Muy Satisfecho', '30', '2020-12-04 11:02:57', '2020-12-04 11:02:57');
INSERT INTO `respuestas` VALUES ('196', 'Muy Satisfecho', '30', '2020-12-04 11:02:57', '2020-12-04 11:02:57');
INSERT INTO `respuestas` VALUES ('197', 'Muy Satisfecho', '30', '2020-12-04 11:02:57', '2020-12-04 11:02:57');
INSERT INTO `respuestas` VALUES ('198', 'Satisfecho', '137', '2020-12-04 11:02:57', '2020-12-04 11:02:57');
INSERT INTO `respuestas` VALUES ('199', 'Satisfecho', '138', '2020-12-04 11:02:57', '2020-12-04 11:02:57');
INSERT INTO `respuestas` VALUES ('200', 'Insatisfecho', '138', '2020-12-04 11:02:57', '2020-12-04 11:02:57');
INSERT INTO `respuestas` VALUES ('201', 'Muy Satisfecho', '138', '2020-12-04 11:02:57', '2020-12-04 11:02:57');
INSERT INTO `respuestas` VALUES ('202', 'Muy Satisfecho', '30', '2020-12-04 11:02:57', '2020-12-04 11:02:57');
INSERT INTO `respuestas` VALUES ('203', 'Muy Satisfecho', '42', '2020-12-04 11:02:57', '2020-12-04 11:02:57');
INSERT INTO `respuestas` VALUES ('204', 'Muy Satisfecho', '39', '2020-12-04 11:02:57', '2020-12-04 11:02:57');
INSERT INTO `respuestas` VALUES ('205', 'Satisfecho', '34', '2020-12-04 11:02:57', '2020-12-04 11:02:57');
INSERT INTO `respuestas` VALUES ('206', 'Muy Satisfecho', '137', '2020-12-04 11:02:57', '2020-12-04 11:02:57');
INSERT INTO `respuestas` VALUES ('207', 'Muy Satisfecho', '36', '2020-12-04 11:02:57', '2020-12-04 11:02:57');
INSERT INTO `respuestas` VALUES ('208', 'Muy Satisfecho', '36', '2020-12-04 11:02:57', '2020-12-04 11:02:57');
INSERT INTO `respuestas` VALUES ('209', 'Muy Satisfecho', '36', '2020-12-04 11:02:57', '2020-12-04 11:02:57');
INSERT INTO `respuestas` VALUES ('210', 'Muy Satisfecho', '45', '2020-12-04 11:02:57', '2020-12-04 11:02:57');
INSERT INTO `respuestas` VALUES ('211', 'Muy Satisfecho', '137', '2020-12-04 11:02:57', '2020-12-04 11:02:57');
INSERT INTO `respuestas` VALUES ('212', null, '137', '2020-12-04 11:02:57', '2020-12-04 11:02:57');
INSERT INTO `respuestas` VALUES ('213', null, '137', '2020-12-04 11:02:57', '2020-12-04 11:02:57');
INSERT INTO `respuestas` VALUES ('214', 'Satisfecho', '137', '2020-12-04 11:02:57', '2020-12-04 11:02:57');
INSERT INTO `respuestas` VALUES ('215', 'Muy Satisfecho', '35', '2020-12-04 11:02:57', '2020-12-04 11:02:57');
INSERT INTO `respuestas` VALUES ('216', 'Muy Satisfecho', '137', '2020-12-04 11:02:57', '2020-12-04 11:02:57');
INSERT INTO `respuestas` VALUES ('217', 'Muy Satisfecho', '137', '2020-12-04 11:02:57', '2020-12-04 11:02:57');
INSERT INTO `respuestas` VALUES ('218', 'Muy Satisfecho', '137', '2020-12-04 11:02:57', '2020-12-04 11:02:57');
INSERT INTO `respuestas` VALUES ('219', 'Muy Satisfecho', '137', '2020-12-04 11:02:57', '2020-12-04 11:02:57');
INSERT INTO `respuestas` VALUES ('220', 'Muy Satisfecho', '137', '2020-12-04 11:02:57', '2020-12-04 11:02:57');
INSERT INTO `respuestas` VALUES ('221', 'Muy Satisfecho', '137', '2020-12-04 11:02:57', '2020-12-04 11:02:57');
INSERT INTO `respuestas` VALUES ('222', 'Muy Satisfecho', '30', '2020-12-04 11:02:57', '2020-12-04 11:02:57');
INSERT INTO `respuestas` VALUES ('223', 'Muy Satisfecho', '137', '2020-12-04 11:02:57', '2020-12-04 11:02:57');
INSERT INTO `respuestas` VALUES ('224', 'Muy Satisfecho', '30', '2020-12-04 11:02:57', '2020-12-04 11:02:57');
INSERT INTO `respuestas` VALUES ('225', 'Muy Satisfecho', '30', '2020-12-04 11:02:57', '2020-12-04 11:02:57');
INSERT INTO `respuestas` VALUES ('226', 'Muy Satisfecho', '30', '2020-12-04 11:02:57', '2020-12-04 11:02:57');
INSERT INTO `respuestas` VALUES ('227', 'Muy Satisfecho', '30', '2020-12-04 11:02:57', '2020-12-04 11:02:57');
INSERT INTO `respuestas` VALUES ('228', 'Muy Satisfecho', '30', '2020-12-04 11:02:57', '2020-12-04 11:02:57');
INSERT INTO `respuestas` VALUES ('229', 'Muy Satisfecho', '30', '2020-12-04 11:02:57', '2020-12-04 11:02:57');
INSERT INTO `respuestas` VALUES ('230', 'Muy Satisfecho', '137', '2020-12-04 11:02:57', '2020-12-04 11:02:57');
INSERT INTO `respuestas` VALUES ('231', 'Muy Satisfecho', '137', '2020-12-04 11:02:57', '2020-12-04 11:02:57');
INSERT INTO `respuestas` VALUES ('232', 'Muy Satisfecho', '137', '2020-12-04 11:02:57', '2020-12-04 11:02:57');
INSERT INTO `respuestas` VALUES ('233', 'Muy Satisfecho', '30', '2020-12-04 11:02:57', '2020-12-04 11:02:57');
INSERT INTO `respuestas` VALUES ('234', 'Muy Satisfecho', '30', '2020-12-04 11:02:57', '2020-12-04 11:02:57');
INSERT INTO `respuestas` VALUES ('235', 'Muy Satisfecho', '30', '2020-12-04 11:02:57', '2020-12-04 11:02:57');
INSERT INTO `respuestas` VALUES ('236', 'Muy Satisfecho', '137', '2020-12-04 11:02:57', '2020-12-04 11:02:57');
INSERT INTO `respuestas` VALUES ('237', 'Muy Satisfecho', '137', '2020-12-04 11:02:57', '2020-12-04 11:02:57');
INSERT INTO `respuestas` VALUES ('238', 'Muy Satisfecho', '137', '2020-12-04 11:02:57', '2020-12-04 11:02:57');
INSERT INTO `respuestas` VALUES ('239', 'Muy Satisfecho', '137', '2020-12-04 11:02:57', '2020-12-04 11:02:57');
INSERT INTO `respuestas` VALUES ('240', 'Muy Satisfecho', '30', '2020-12-04 11:02:57', '2020-12-04 11:02:57');
INSERT INTO `respuestas` VALUES ('241', 'Satisfecho', '30', '2020-12-04 11:02:57', '2020-12-04 11:02:57');
INSERT INTO `respuestas` VALUES ('242', 'Satisfecho', '137', '2020-12-04 11:02:57', '2020-12-04 11:02:57');
INSERT INTO `respuestas` VALUES ('243', 'Satisfecho', '137', '2020-12-04 11:02:57', '2020-12-04 11:02:57');
INSERT INTO `respuestas` VALUES ('244', 'Satisfecho', '137', '2020-12-04 11:02:57', '2020-12-04 11:02:57');
INSERT INTO `respuestas` VALUES ('245', 'Satisfecho', '137', '2020-12-04 11:02:57', '2020-12-04 11:02:57');
INSERT INTO `respuestas` VALUES ('246', 'Satisfecho', '137', '2020-12-04 11:02:57', '2020-12-04 11:02:57');
INSERT INTO `respuestas` VALUES ('247', 'Satisfecho', '137', '2020-12-04 11:02:57', '2020-12-04 11:02:57');
INSERT INTO `respuestas` VALUES ('248', 'Satisfecho', '137', '2020-12-04 11:02:57', '2020-12-04 11:02:57');
INSERT INTO `respuestas` VALUES ('249', 'Muy Satisfecho', '137', '2020-12-04 11:02:57', '2020-12-04 11:02:57');
INSERT INTO `respuestas` VALUES ('250', 'Muy Satisfecho', '42', '2020-12-04 11:02:57', '2020-12-04 11:02:57');
INSERT INTO `respuestas` VALUES ('251', 'Muy Satisfecho', '137', '2020-12-04 11:02:57', '2020-12-04 11:02:57');
INSERT INTO `respuestas` VALUES ('252', 'Muy Satisfecho', '42', '2020-12-04 11:02:57', '2020-12-04 11:02:57');
INSERT INTO `respuestas` VALUES ('253', 'Muy Satisfecho', '137', '2020-12-04 11:02:57', '2020-12-04 11:02:57');
INSERT INTO `respuestas` VALUES ('254', 'Muy Satisfecho', '137', '2020-12-04 11:02:57', '2020-12-04 11:02:57');
INSERT INTO `respuestas` VALUES ('255', 'Muy Satisfecho', '137', '2020-12-04 11:02:57', '2020-12-04 11:02:57');
INSERT INTO `respuestas` VALUES ('256', 'Muy Satisfecho', '137', '2020-12-04 11:02:57', '2020-12-04 11:02:57');
INSERT INTO `respuestas` VALUES ('257', 'Muy Satisfecho', '137', '2020-12-04 11:02:57', '2020-12-04 11:02:57');
INSERT INTO `respuestas` VALUES ('258', 'Muy Satisfecho', '137', '2020-12-04 11:02:57', '2020-12-04 11:02:57');
INSERT INTO `respuestas` VALUES ('259', 'Muy Satisfecho', '137', '2020-12-04 11:02:57', '2020-12-04 11:02:57');
INSERT INTO `respuestas` VALUES ('260', 'Muy Satisfecho', '137', '2020-12-04 11:02:57', '2020-12-04 11:02:57');
INSERT INTO `respuestas` VALUES ('261', 'Muy Satisfecho', '137', '2020-12-04 11:02:57', '2020-12-04 11:02:57');
INSERT INTO `respuestas` VALUES ('262', 'Muy Satisfecho', '137', '2020-12-04 11:02:57', '2020-12-04 11:02:57');
INSERT INTO `respuestas` VALUES ('263', 'Muy Satisfecho', '137', '2020-12-04 11:02:57', '2020-12-04 11:02:57');
INSERT INTO `respuestas` VALUES ('264', 'Muy Satisfecho', '137', '2020-12-04 11:02:57', '2020-12-04 11:02:57');
INSERT INTO `respuestas` VALUES ('265', 'Muy Satisfecho', '137', '2020-12-04 11:02:57', '2020-12-04 11:02:57');
INSERT INTO `respuestas` VALUES ('266', 'Muy Satisfecho', '137', '2020-12-04 11:02:57', '2020-12-04 11:02:57');
INSERT INTO `respuestas` VALUES ('267', 'Insatisfecho', '137', '2020-12-04 11:02:57', '2020-12-04 11:02:57');
INSERT INTO `respuestas` VALUES ('268', 'Muy Satisfecho', '42', '2020-12-04 11:02:57', '2020-12-04 11:02:57');
INSERT INTO `respuestas` VALUES ('269', 'Muy Satisfecho', '137', '2020-12-04 11:02:57', '2020-12-04 11:02:57');
INSERT INTO `respuestas` VALUES ('270', 'Muy Satisfecho', '137', '2020-12-04 11:02:57', '2020-12-04 11:02:57');
INSERT INTO `respuestas` VALUES ('271', 'Muy Satisfecho', '137', '2020-12-04 11:02:57', '2020-12-04 11:02:57');
INSERT INTO `respuestas` VALUES ('272', 'Muy Satisfecho', '137', '2020-12-04 11:02:57', '2020-12-04 11:02:57');
INSERT INTO `respuestas` VALUES ('273', 'Muy Satisfecho', '137', '2020-12-04 11:02:57', '2020-12-04 11:02:57');
INSERT INTO `respuestas` VALUES ('274', 'Muy Satisfecho', '137', '2020-12-04 11:02:57', '2020-12-04 11:02:57');
INSERT INTO `respuestas` VALUES ('275', 'Muy Satisfecho', '137', '2020-12-04 11:02:57', '2020-12-04 11:02:57');
INSERT INTO `respuestas` VALUES ('276', 'Muy Satisfecho', '137', '2020-12-04 11:02:57', '2020-12-04 11:02:57');
INSERT INTO `respuestas` VALUES ('277', 'Muy Satisfecho', '137', '2020-12-04 11:02:57', '2020-12-04 11:02:57');
INSERT INTO `respuestas` VALUES ('278', 'Muy Satisfecho', '137', '2020-12-04 11:02:57', '2020-12-04 11:02:57');
INSERT INTO `respuestas` VALUES ('279', 'Muy Satisfecho', '137', '2020-12-04 11:02:57', '2020-12-04 11:02:57');
INSERT INTO `respuestas` VALUES ('280', 'Muy Satisfecho', '42', '2020-12-04 11:02:57', '2020-12-04 11:02:57');
INSERT INTO `respuestas` VALUES ('281', 'Muy Satisfecho', '137', '2020-12-04 11:02:57', '2020-12-04 11:02:57');
INSERT INTO `respuestas` VALUES ('282', 'Muy Satisfecho', '137', '2020-12-04 11:02:57', '2020-12-04 11:02:57');
INSERT INTO `respuestas` VALUES ('283', 'Muy Satisfecho', '137', '2020-12-04 11:02:57', '2020-12-04 11:02:57');
INSERT INTO `respuestas` VALUES ('284', 'Muy Satisfecho', '137', '2020-12-04 11:02:57', '2020-12-04 11:02:57');
INSERT INTO `respuestas` VALUES ('285', 'Muy Satisfecho', '137', '2020-12-04 11:02:57', '2020-12-04 11:02:57');
INSERT INTO `respuestas` VALUES ('286', 'Muy Satisfecho', '137', '2020-12-04 11:02:57', '2020-12-04 11:02:57');
INSERT INTO `respuestas` VALUES ('287', 'Muy Satisfecho', '137', '2020-12-04 11:02:57', '2020-12-04 11:02:57');
INSERT INTO `respuestas` VALUES ('288', 'Insatisfecho', '137', '2020-12-04 11:02:57', '2020-12-04 11:02:57');
INSERT INTO `respuestas` VALUES ('289', 'Muy Satisfecho', '137', '2020-12-04 11:02:57', '2020-12-04 11:02:57');
INSERT INTO `respuestas` VALUES ('290', 'Muy Satisfecho', '137', '2020-12-04 11:02:57', '2020-12-04 11:02:57');
INSERT INTO `respuestas` VALUES ('291', 'Muy Satisfecho', '42', '2020-12-04 11:02:57', '2020-12-04 11:02:57');
INSERT INTO `respuestas` VALUES ('292', 'Muy Satisfecho', '137', '2020-12-04 11:02:57', '2020-12-04 11:02:57');
INSERT INTO `respuestas` VALUES ('293', 'Muy Satisfecho', '137', '2020-12-04 11:02:57', '2020-12-04 11:02:57');
INSERT INTO `respuestas` VALUES ('294', 'Muy Satisfecho', '137', '2020-12-04 11:02:57', '2020-12-04 11:02:57');
INSERT INTO `respuestas` VALUES ('295', 'Muy Satisfecho', '137', '2020-12-04 11:02:57', '2020-12-04 11:02:57');
INSERT INTO `respuestas` VALUES ('296', 'Muy Satisfecho', '137', '2020-12-04 11:02:57', '2020-12-04 11:02:57');
INSERT INTO `respuestas` VALUES ('297', 'Muy Satisfecho', '42', '2020-12-04 11:02:57', '2020-12-04 11:02:57');
INSERT INTO `respuestas` VALUES ('298', 'Muy Satisfecho', '42', '2020-12-04 11:02:57', '2020-12-04 11:02:57');
INSERT INTO `respuestas` VALUES ('299', 'Muy Satisfecho', '42', '2020-12-04 11:02:57', '2020-12-04 11:02:57');
INSERT INTO `respuestas` VALUES ('300', 'Muy Satisfecho', '137', '2020-12-04 11:02:57', '2020-12-04 11:02:57');
INSERT INTO `respuestas` VALUES ('301', 'Muy Satisfecho', '137', '2020-12-04 11:02:57', '2020-12-04 11:02:57');
INSERT INTO `respuestas` VALUES ('302', 'Muy Satisfecho', '137', '2020-12-04 11:02:57', '2020-12-04 11:02:57');
INSERT INTO `respuestas` VALUES ('303', 'Muy Satisfecho', '137', '2020-12-04 11:02:57', '2020-12-04 11:02:57');
INSERT INTO `respuestas` VALUES ('304', 'Muy Satisfecho', '137', '2020-12-04 11:02:57', '2020-12-04 11:02:57');
INSERT INTO `respuestas` VALUES ('305', 'Muy Satisfecho', '137', '2020-12-04 11:02:57', '2020-12-04 11:02:57');
INSERT INTO `respuestas` VALUES ('306', 'Muy Satisfecho', '42', '2020-12-04 11:02:57', '2020-12-04 11:02:57');
INSERT INTO `respuestas` VALUES ('307', 'Muy Satisfecho', '42', '2020-12-04 11:02:57', '2020-12-04 11:02:57');
INSERT INTO `respuestas` VALUES ('308', 'Muy Satisfecho', '42', '2020-12-04 11:02:57', '2020-12-04 11:02:57');
INSERT INTO `respuestas` VALUES ('309', 'Muy Satisfecho', '42', '2020-12-04 11:02:57', '2020-12-04 11:02:57');
INSERT INTO `respuestas` VALUES ('310', 'Muy Satisfecho', '42', '2020-12-04 11:02:57', '2020-12-04 11:02:57');
INSERT INTO `respuestas` VALUES ('311', 'Muy Satisfecho', '137', '2020-12-04 11:02:57', '2020-12-04 11:02:57');
INSERT INTO `respuestas` VALUES ('312', 'Muy Satisfecho', '137', '2020-12-04 11:02:57', '2020-12-04 11:02:57');
INSERT INTO `respuestas` VALUES ('313', 'Muy Satisfecho', '137', '2020-12-04 11:02:57', '2020-12-04 11:02:57');
INSERT INTO `respuestas` VALUES ('314', 'Muy Satisfecho', '40', '2020-12-04 11:02:57', '2020-12-04 11:02:57');
INSERT INTO `respuestas` VALUES ('315', 'Muy Satisfecho', '40', '2020-12-04 11:02:57', '2020-12-04 11:02:57');
INSERT INTO `respuestas` VALUES ('316', 'Muy Satisfecho', '40', '2020-12-04 11:02:57', '2020-12-04 11:02:57');
INSERT INTO `respuestas` VALUES ('317', 'Muy Satisfecho', '137', '2020-12-04 11:02:57', '2020-12-04 11:02:57');
INSERT INTO `respuestas` VALUES ('318', 'Muy Satisfecho', '137', '2020-12-04 11:02:57', '2020-12-04 11:02:57');
INSERT INTO `respuestas` VALUES ('319', 'Muy Satisfecho', '137', '2020-12-04 11:02:57', '2020-12-04 11:02:57');
INSERT INTO `respuestas` VALUES ('320', 'Muy Satisfecho', '137', '2020-12-04 11:02:57', '2020-12-04 11:02:57');
INSERT INTO `respuestas` VALUES ('321', 'Muy Satisfecho', '137', '2020-12-04 11:02:57', '2020-12-04 11:02:57');
INSERT INTO `respuestas` VALUES ('322', 'Muy Satisfecho', '137', '2020-12-04 11:02:57', '2020-12-04 11:02:57');
INSERT INTO `respuestas` VALUES ('323', 'Muy Satisfecho', '137', '2020-12-04 11:02:57', '2020-12-04 11:02:57');
INSERT INTO `respuestas` VALUES ('324', 'Muy Satisfecho', '137', '2020-12-04 11:02:57', '2020-12-04 11:02:57');
INSERT INTO `respuestas` VALUES ('325', 'Muy Satisfecho', '137', '2020-12-04 11:02:57', '2020-12-04 11:02:57');
INSERT INTO `respuestas` VALUES ('326', 'Muy Satisfecho', '137', '2020-12-04 11:02:57', '2020-12-04 11:02:57');
INSERT INTO `respuestas` VALUES ('327', 'Muy Satisfecho', '137', '2020-12-04 11:02:57', '2020-12-04 11:02:57');
INSERT INTO `respuestas` VALUES ('328', 'Muy Satisfecho', '137', '2020-12-04 11:02:57', '2020-12-04 11:02:57');
INSERT INTO `respuestas` VALUES ('329', 'Muy Satisfecho', '137', '2020-12-04 11:02:57', '2020-12-04 11:02:57');
INSERT INTO `respuestas` VALUES ('330', 'Muy Satisfecho', '137', '2020-12-04 11:02:57', '2020-12-04 11:02:57');
INSERT INTO `respuestas` VALUES ('331', 'Muy Satisfecho', '137', '2020-12-04 11:02:57', '2020-12-04 11:02:57');
INSERT INTO `respuestas` VALUES ('332', 'Muy Satisfecho', '137', '2020-12-04 11:02:57', '2020-12-04 11:02:57');
INSERT INTO `respuestas` VALUES ('333', 'Muy Satisfecho', '137', '2020-12-04 11:02:57', '2020-12-04 11:02:57');
INSERT INTO `respuestas` VALUES ('334', 'Muy Satisfecho', '137', '2020-12-04 11:02:57', '2020-12-04 11:02:57');
INSERT INTO `respuestas` VALUES ('335', 'Muy Satisfecho', '137', '2020-12-04 11:02:57', '2020-12-04 11:02:57');
INSERT INTO `respuestas` VALUES ('336', 'Muy Satisfecho', '137', '2020-12-04 11:02:57', '2020-12-04 11:02:57');
INSERT INTO `respuestas` VALUES ('337', 'Muy Satisfecho', '137', '2020-12-04 11:02:57', '2020-12-04 11:02:57');
INSERT INTO `respuestas` VALUES ('338', 'Muy Satisfecho', '30', '2020-12-04 11:02:57', '2020-12-04 11:02:57');
INSERT INTO `respuestas` VALUES ('339', 'Muy Satisfecho', '30', '2020-12-04 11:02:57', '2020-12-04 11:02:57');
INSERT INTO `respuestas` VALUES ('340', 'Muy Satisfecho', '30', '2020-12-04 11:02:57', '2020-12-04 11:02:57');
INSERT INTO `respuestas` VALUES ('341', 'Muy Satisfecho', '30', '2020-12-04 11:02:57', '2020-12-04 11:02:57');
INSERT INTO `respuestas` VALUES ('342', 'Muy Satisfecho', '30', '2020-12-04 11:02:57', '2020-12-04 11:02:57');
INSERT INTO `respuestas` VALUES ('343', 'Muy Satisfecho', '30', '2020-12-04 11:02:57', '2020-12-04 11:02:57');
INSERT INTO `respuestas` VALUES ('344', 'Muy Satisfecho', '30', '2020-12-04 11:02:57', '2020-12-04 11:02:57');
INSERT INTO `respuestas` VALUES ('345', 'Muy Satisfecho', '30', '2020-12-04 11:02:57', '2020-12-04 11:02:57');
INSERT INTO `respuestas` VALUES ('346', 'Muy Satisfecho', '30', '2020-12-04 11:02:57', '2020-12-04 11:02:57');
INSERT INTO `respuestas` VALUES ('347', 'Muy Satisfecho', '30', '2020-12-04 11:02:57', '2020-12-04 11:02:57');
INSERT INTO `respuestas` VALUES ('348', 'Muy Satisfecho', '30', '2020-12-04 11:02:57', '2020-12-04 11:02:57');
INSERT INTO `respuestas` VALUES ('349', 'Muy Satisfecho', '30', '2020-12-04 11:02:57', '2020-12-04 11:02:57');
INSERT INTO `respuestas` VALUES ('350', 'Muy Satisfecho', '30', '2020-12-04 11:02:57', '2020-12-04 11:02:57');
INSERT INTO `respuestas` VALUES ('351', 'Muy Satisfecho', '30', '2020-12-04 11:02:57', '2020-12-04 11:02:57');
INSERT INTO `respuestas` VALUES ('352', 'Muy Satisfecho', '30', '2020-12-04 11:02:57', '2020-12-04 11:02:57');
INSERT INTO `respuestas` VALUES ('353', 'Muy Satisfecho', '30', '2020-12-04 11:02:57', '2020-12-04 11:02:57');
INSERT INTO `respuestas` VALUES ('354', 'Muy Satisfecho', '30', '2020-12-04 11:02:57', '2020-12-04 11:02:57');
INSERT INTO `respuestas` VALUES ('355', 'Muy Satisfecho', '30', '2020-12-04 11:02:57', '2020-12-04 11:02:57');
INSERT INTO `respuestas` VALUES ('356', 'Muy Satisfecho', '30', '2020-12-04 11:02:57', '2020-12-04 11:02:57');
INSERT INTO `respuestas` VALUES ('357', 'Muy Satisfecho', '30', '2020-12-04 11:02:57', '2020-12-04 11:02:57');
INSERT INTO `respuestas` VALUES ('358', 'Muy Satisfecho', '30', '2020-12-04 11:02:57', '2020-12-04 11:02:57');
INSERT INTO `respuestas` VALUES ('359', 'Muy Satisfecho', '30', '2020-12-04 11:02:57', '2020-12-04 11:02:57');
INSERT INTO `respuestas` VALUES ('360', 'Muy Satisfecho', '30', '2020-12-04 11:02:57', '2020-12-04 11:02:57');
INSERT INTO `respuestas` VALUES ('361', 'Muy Satisfecho', '30', '2020-12-04 11:02:57', '2020-12-04 11:02:57');
INSERT INTO `respuestas` VALUES ('362', 'Muy Satisfecho', '30', '2020-12-04 11:02:57', '2020-12-04 11:02:57');
INSERT INTO `respuestas` VALUES ('363', 'Muy Satisfecho', '30', '2020-12-04 11:02:57', '2020-12-04 11:02:57');
INSERT INTO `respuestas` VALUES ('364', 'Muy Satisfecho', '30', '2020-12-04 11:02:57', '2020-12-04 11:02:57');
INSERT INTO `respuestas` VALUES ('365', 'Muy Satisfecho', '30', '2020-12-04 11:02:57', '2020-12-04 11:02:57');
INSERT INTO `respuestas` VALUES ('366', 'Muy Satisfecho', '30', '2020-12-04 11:02:57', '2020-12-04 11:02:57');
INSERT INTO `respuestas` VALUES ('367', 'Muy Satisfecho', '30', '2020-12-04 11:02:57', '2020-12-04 11:02:57');
INSERT INTO `respuestas` VALUES ('368', 'Muy Satisfecho', '30', '2020-12-04 11:02:57', '2020-12-04 11:02:57');
INSERT INTO `respuestas` VALUES ('369', 'Muy Satisfecho', '30', '2020-12-04 11:02:57', '2020-12-04 11:02:57');
INSERT INTO `respuestas` VALUES ('370', 'Muy Satisfecho', '30', '2020-12-04 11:02:57', '2020-12-04 11:02:57');
INSERT INTO `respuestas` VALUES ('371', 'Muy Satisfecho', '30', '2020-12-04 11:02:57', '2020-12-04 11:02:57');
INSERT INTO `respuestas` VALUES ('372', 'Muy Satisfecho', '30', '2020-12-04 11:02:57', '2020-12-04 11:02:57');
INSERT INTO `respuestas` VALUES ('373', 'Muy Satisfecho', '30', '2020-12-04 11:02:57', '2020-12-04 11:02:57');
INSERT INTO `respuestas` VALUES ('374', 'Muy Satisfecho', '30', '2020-12-04 11:02:57', '2020-12-04 11:02:57');
INSERT INTO `respuestas` VALUES ('375', 'Muy Satisfecho', '30', '2020-12-04 11:02:57', '2020-12-04 11:02:57');
INSERT INTO `respuestas` VALUES ('376', 'Muy Satisfecho', '30', '2020-12-04 11:02:57', '2020-12-04 11:02:57');
INSERT INTO `respuestas` VALUES ('377', 'Muy Satisfecho', '30', '2020-12-04 11:02:57', '2020-12-04 11:02:57');
INSERT INTO `respuestas` VALUES ('378', 'Muy Satisfecho', '30', '2020-12-04 11:02:57', '2020-12-04 11:02:57');
INSERT INTO `respuestas` VALUES ('379', 'Muy Satisfecho', '30', '2020-12-04 11:02:57', '2020-12-04 11:02:57');
INSERT INTO `respuestas` VALUES ('380', 'Muy Satisfecho', '30', '2020-12-04 11:02:57', '2020-12-04 11:02:57');
INSERT INTO `respuestas` VALUES ('381', 'Muy Satisfecho', '30', '2020-12-04 11:02:57', '2020-12-04 11:02:57');
INSERT INTO `respuestas` VALUES ('382', 'Muy Satisfecho', '30', '2020-12-04 11:02:57', '2020-12-04 11:02:57');
INSERT INTO `respuestas` VALUES ('383', 'Muy Satisfecho', '30', '2020-12-04 11:02:57', '2020-12-04 11:02:57');
INSERT INTO `respuestas` VALUES ('384', 'Muy Satisfecho', '30', '2020-12-04 11:02:57', '2020-12-04 11:02:57');
INSERT INTO `respuestas` VALUES ('385', 'Muy Satisfecho', '30', '2020-12-04 11:02:57', '2020-12-04 11:02:57');
INSERT INTO `respuestas` VALUES ('386', 'Muy Satisfecho', '30', '2020-12-04 11:02:57', '2020-12-04 11:02:57');
INSERT INTO `respuestas` VALUES ('387', 'Muy Satisfecho', '30', '2020-12-04 11:02:57', '2020-12-04 11:02:57');
INSERT INTO `respuestas` VALUES ('388', 'Muy Satisfecho', '30', '2020-12-04 11:02:57', '2020-12-04 11:02:57');
INSERT INTO `respuestas` VALUES ('389', 'Muy Satisfecho', '30', '2020-12-04 11:02:57', '2020-12-04 11:02:57');
INSERT INTO `respuestas` VALUES ('390', 'Muy Satisfecho', '30', '2020-12-04 11:02:57', '2020-12-04 11:02:57');
INSERT INTO `respuestas` VALUES ('391', 'Muy Satisfecho', '30', '2020-12-04 11:02:57', '2020-12-04 11:02:57');
INSERT INTO `respuestas` VALUES ('392', 'Muy Satisfecho', '30', '2020-12-04 11:02:57', '2020-12-04 11:02:57');
INSERT INTO `respuestas` VALUES ('393', 'Muy Satisfecho', '30', '2020-12-04 11:02:57', '2020-12-04 11:02:57');
INSERT INTO `respuestas` VALUES ('394', 'Muy Satisfecho', '30', '2020-12-04 11:02:57', '2020-12-04 11:02:57');
INSERT INTO `respuestas` VALUES ('395', 'Muy Satisfecho', '30', '2020-12-04 11:02:57', '2020-12-04 11:02:57');
INSERT INTO `respuestas` VALUES ('396', 'Muy Satisfecho', '30', '2020-12-04 11:02:57', '2020-12-04 11:02:57');
INSERT INTO `respuestas` VALUES ('397', 'Muy Satisfecho', '30', '2020-12-04 11:02:57', '2020-12-04 11:02:57');
INSERT INTO `respuestas` VALUES ('398', 'Muy Satisfecho', '30', '2020-12-04 11:02:57', '2020-12-04 11:02:57');
INSERT INTO `respuestas` VALUES ('399', 'Muy Satisfecho', '30', '2020-12-04 11:02:57', '2020-12-04 11:02:57');
INSERT INTO `respuestas` VALUES ('400', 'Muy Satisfecho', '30', '2020-12-04 11:02:57', '2020-12-04 11:02:57');
INSERT INTO `respuestas` VALUES ('401', 'Muy Satisfecho', '30', '2020-12-04 11:02:57', '2020-12-04 11:02:57');
INSERT INTO `respuestas` VALUES ('402', 'Muy Satisfecho', '30', '2020-12-04 11:02:57', '2020-12-04 11:02:57');
INSERT INTO `respuestas` VALUES ('403', 'Muy Satisfecho', '30', '2020-12-04 11:02:57', '2020-12-04 11:02:57');
INSERT INTO `respuestas` VALUES ('404', 'Muy Satisfecho', '30', '2020-12-04 11:02:57', '2020-12-04 11:02:57');
INSERT INTO `respuestas` VALUES ('405', 'Muy Satisfecho', '30', '2020-12-04 11:02:57', '2020-12-04 11:02:57');
INSERT INTO `respuestas` VALUES ('406', 'Muy Satisfecho', '30', '2020-12-04 11:02:57', '2020-12-04 11:02:57');
INSERT INTO `respuestas` VALUES ('407', 'Muy Satisfecho', '30', '2020-12-04 11:02:57', '2020-12-04 11:02:57');
INSERT INTO `respuestas` VALUES ('408', 'Muy Satisfecho', '30', '2020-12-04 11:02:57', '2020-12-04 11:02:57');
INSERT INTO `respuestas` VALUES ('409', 'Muy Satisfecho', '30', '2020-12-04 11:02:57', '2020-12-04 11:02:57');
INSERT INTO `respuestas` VALUES ('410', 'Muy Satisfecho', '30', '2020-12-04 11:02:57', '2020-12-04 11:02:57');
INSERT INTO `respuestas` VALUES ('411', 'Muy Satisfecho', '137', '2020-12-04 11:02:57', '2020-12-04 11:02:57');
INSERT INTO `respuestas` VALUES ('412', 'Muy Satisfecho', '137', '2020-12-04 11:02:57', '2020-12-04 11:02:57');
INSERT INTO `respuestas` VALUES ('413', 'Muy Satisfecho', '137', '2020-12-04 11:02:57', '2020-12-04 11:02:57');
INSERT INTO `respuestas` VALUES ('414', 'Muy Satisfecho', '137', '2020-12-04 11:02:57', '2020-12-04 11:02:57');
INSERT INTO `respuestas` VALUES ('415', 'Muy Satisfecho', '137', '2020-12-04 11:02:57', '2020-12-04 11:02:57');
INSERT INTO `respuestas` VALUES ('416', 'Muy Satisfecho', '137', '2020-12-04 11:02:57', '2020-12-04 11:02:57');
INSERT INTO `respuestas` VALUES ('417', 'Muy Satisfecho', '137', '2020-12-04 11:02:57', '2020-12-04 11:02:57');
INSERT INTO `respuestas` VALUES ('418', 'Muy Satisfecho', '137', '2020-12-04 11:02:57', '2020-12-04 11:02:57');
INSERT INTO `respuestas` VALUES ('419', 'Muy Satisfecho', '137', '2020-12-04 11:02:57', '2020-12-04 11:02:57');
INSERT INTO `respuestas` VALUES ('420', 'Muy Satisfecho', '137', '2020-12-04 11:02:57', '2020-12-04 11:02:57');
INSERT INTO `respuestas` VALUES ('421', 'Muy Satisfecho', '137', '2020-12-04 11:02:57', '2020-12-04 11:02:57');
INSERT INTO `respuestas` VALUES ('422', 'Muy Satisfecho', '137', '2020-12-04 11:02:57', '2020-12-04 11:02:57');
INSERT INTO `respuestas` VALUES ('423', 'Muy Satisfecho', '137', '2020-12-04 11:02:57', '2020-12-04 11:02:57');
INSERT INTO `respuestas` VALUES ('424', 'Muy Satisfecho', '137', '2020-12-04 11:02:57', '2020-12-04 11:02:57');
INSERT INTO `respuestas` VALUES ('425', 'Muy Satisfecho', '137', '2020-12-04 11:02:57', '2020-12-04 11:02:57');
INSERT INTO `respuestas` VALUES ('426', 'Muy Satisfecho', '30', '2020-12-04 11:02:57', '2020-12-04 11:02:57');
INSERT INTO `respuestas` VALUES ('427', 'Muy Satisfecho', '137', '2020-12-04 11:02:57', '2020-12-04 11:02:57');
INSERT INTO `respuestas` VALUES ('428', 'Satisfecho', '138', '2020-12-04 11:02:57', '2020-12-04 11:02:57');
INSERT INTO `respuestas` VALUES ('429', 'Muy Satisfecho', '30', '2020-12-04 11:02:57', '2020-12-04 11:02:57');
INSERT INTO `respuestas` VALUES ('430', 'Muy Satisfecho', '30', '2020-12-04 11:02:57', '2020-12-04 11:02:57');
INSERT INTO `respuestas` VALUES ('431', 'Satisfecho', '138', '2020-12-04 11:02:57', '2020-12-04 11:02:57');
INSERT INTO `respuestas` VALUES ('432', 'Satisfecho', '138', '2020-12-04 11:02:57', '2020-12-04 11:02:57');
INSERT INTO `respuestas` VALUES ('433', 'Muy Satisfecho', '137', '2020-12-04 11:02:57', '2020-12-04 11:02:57');
INSERT INTO `respuestas` VALUES ('434', 'Muy Satisfecho', '137', '2020-12-04 11:02:57', '2020-12-04 11:02:57');
INSERT INTO `respuestas` VALUES ('435', 'Muy Satisfecho', '30', '2020-12-04 11:02:57', '2020-12-04 11:02:57');
INSERT INTO `respuestas` VALUES ('436', 'Muy Satisfecho', '30', '2020-12-04 11:02:57', '2020-12-04 11:02:57');
INSERT INTO `respuestas` VALUES ('437', 'Muy Satisfecho', '30', '2020-12-04 11:02:57', '2020-12-04 11:02:57');
INSERT INTO `respuestas` VALUES ('438', 'Muy Satisfecho', '30', '2020-12-04 11:02:57', '2020-12-04 11:02:57');
INSERT INTO `respuestas` VALUES ('439', 'Muy Satisfecho', '30', '2020-12-04 11:02:57', '2020-12-04 11:02:57');
INSERT INTO `respuestas` VALUES ('440', 'Muy Satisfecho', '30', '2020-12-04 11:02:57', '2020-12-04 11:02:57');
INSERT INTO `respuestas` VALUES ('441', 'Muy Satisfecho', '30', '2020-12-04 11:02:57', '2020-12-04 11:02:57');
INSERT INTO `respuestas` VALUES ('442', 'Muy Satisfecho', '137', '2020-12-04 11:02:57', '2020-12-04 11:02:57');
INSERT INTO `respuestas` VALUES ('443', 'Muy Satisfecho', '40', '2020-12-04 11:02:57', '2020-12-04 11:02:57');
INSERT INTO `respuestas` VALUES ('444', 'Muy Satisfecho', '30', '2020-12-04 11:02:57', '2020-12-04 11:02:57');
INSERT INTO `respuestas` VALUES ('445', 'Muy Satisfecho', '137', '2020-12-04 11:02:57', '2020-12-04 11:02:57');
INSERT INTO `respuestas` VALUES ('446', 'Muy Satisfecho', '30', '2020-12-04 11:02:57', '2020-12-04 11:02:57');
INSERT INTO `respuestas` VALUES ('447', 'Muy Satisfecho', '30', '2020-12-04 11:02:57', '2020-12-04 11:02:57');
INSERT INTO `respuestas` VALUES ('448', 'Muy Satisfecho', '30', '2020-12-04 11:02:57', '2020-12-04 11:02:57');
INSERT INTO `respuestas` VALUES ('449', 'Muy Satisfecho', '137', '2020-12-04 11:02:57', '2020-12-04 11:02:57');
INSERT INTO `respuestas` VALUES ('450', 'Muy Satisfecho', '137', '2020-12-04 11:02:57', '2020-12-04 11:02:57');
INSERT INTO `respuestas` VALUES ('451', 'Muy Satisfecho', '137', '2020-12-04 11:02:57', '2020-12-04 11:02:57');
INSERT INTO `respuestas` VALUES ('452', 'Muy Satisfecho', '137', '2020-12-04 11:02:57', '2020-12-04 11:02:57');
INSERT INTO `respuestas` VALUES ('453', null, '34', '2020-12-04 11:02:57', '2020-12-04 11:02:57');
INSERT INTO `respuestas` VALUES ('454', 'Muy Satisfecho', '137', '2020-12-04 11:02:57', '2020-12-04 11:02:57');
INSERT INTO `respuestas` VALUES ('455', 'Satisfecho', '137', '2020-12-04 11:02:57', '2020-12-04 11:02:57');
INSERT INTO `respuestas` VALUES ('456', 'Satisfecho', '137', '2020-12-04 11:02:57', '2020-12-04 11:02:57');
INSERT INTO `respuestas` VALUES ('457', 'Satisfecho', '137', '2020-12-04 11:02:57', '2020-12-04 11:02:57');
INSERT INTO `respuestas` VALUES ('458', 'Satisfecho', '137', '2020-12-04 11:02:57', '2020-12-04 11:02:57');
INSERT INTO `respuestas` VALUES ('459', 'Satisfecho', '137', '2020-12-04 11:02:57', '2020-12-04 11:02:57');
INSERT INTO `respuestas` VALUES ('460', 'Satisfecho', '137', '2020-12-04 11:02:57', '2020-12-04 11:02:57');
INSERT INTO `respuestas` VALUES ('461', 'Satisfecho', '137', '2020-12-04 11:02:57', '2020-12-04 11:02:57');
INSERT INTO `respuestas` VALUES ('462', 'Satisfecho', '137', '2020-12-04 11:02:57', '2020-12-04 11:02:57');
INSERT INTO `respuestas` VALUES ('463', 'Satisfecho', '137', '2020-12-04 11:02:57', '2020-12-04 11:02:57');
INSERT INTO `respuestas` VALUES ('464', 'Satisfecho', '137', '2020-12-04 11:02:57', '2020-12-04 11:02:57');
INSERT INTO `respuestas` VALUES ('465', 'Satisfecho', '137', '2020-12-04 11:02:57', '2020-12-04 11:02:57');
INSERT INTO `respuestas` VALUES ('466', 'Satisfecho', '137', '2020-12-04 11:02:57', '2020-12-04 11:02:57');
INSERT INTO `respuestas` VALUES ('467', 'Satisfecho', '137', '2020-12-04 11:02:57', '2020-12-04 11:02:57');
INSERT INTO `respuestas` VALUES ('468', 'Muy Satisfecho', '137', '2020-12-04 11:02:57', '2020-12-04 11:02:57');
INSERT INTO `respuestas` VALUES ('469', 'Muy Satisfecho', '137', '2020-12-04 11:02:57', '2020-12-04 11:02:57');
INSERT INTO `respuestas` VALUES ('470', 'Muy Satisfecho', '137', '2020-12-04 11:02:57', '2020-12-04 11:02:57');
INSERT INTO `respuestas` VALUES ('471', 'Muy Satisfecho', '30', '2020-12-04 11:02:57', '2020-12-04 11:02:57');
INSERT INTO `respuestas` VALUES ('472', 'Muy Satisfecho', '30', '2020-12-04 11:02:57', '2020-12-04 11:02:57');
INSERT INTO `respuestas` VALUES ('473', 'Muy Satisfecho', '137', '2020-12-04 11:02:57', '2020-12-04 11:02:57');
INSERT INTO `respuestas` VALUES ('474', 'Muy Satisfecho', '137', '2020-12-04 11:02:57', '2020-12-04 11:02:57');
INSERT INTO `respuestas` VALUES ('475', 'Muy Satisfecho', '137', '2020-12-04 11:02:57', '2020-12-04 11:02:57');
INSERT INTO `respuestas` VALUES ('476', 'Muy Satisfecho', '137', '2020-12-04 11:02:57', '2020-12-04 11:02:57');
INSERT INTO `respuestas` VALUES ('477', 'Muy Satisfecho', '137', '2020-12-04 11:02:57', '2020-12-04 11:02:57');
INSERT INTO `respuestas` VALUES ('478', 'Muy Satisfecho', '137', '2020-12-04 11:02:57', '2020-12-04 11:02:57');
INSERT INTO `respuestas` VALUES ('479', 'Muy Satisfecho', '137', '2020-12-04 11:02:57', '2020-12-04 11:02:57');
INSERT INTO `respuestas` VALUES ('480', 'Muy Satisfecho', '137', '2020-12-04 11:02:57', '2020-12-04 11:02:57');
INSERT INTO `respuestas` VALUES ('481', 'Satisfecho', '137', '2020-12-04 11:02:57', '2020-12-04 11:02:57');
INSERT INTO `respuestas` VALUES ('482', 'Insatisfecho', '137', '2020-12-04 11:02:57', '2020-12-04 11:02:57');
INSERT INTO `respuestas` VALUES ('483', null, '137', '2020-12-04 11:02:57', '2020-12-04 11:02:57');
INSERT INTO `respuestas` VALUES ('484', 'Satisfecho', '137', '2020-12-04 11:02:57', '2020-12-04 11:02:57');
INSERT INTO `respuestas` VALUES ('485', 'Muy Satisfecho', '137', '2020-12-04 11:02:57', '2020-12-04 11:02:57');
INSERT INTO `respuestas` VALUES ('486', 'Muy Satisfecho', '137', '2020-12-04 11:02:57', '2020-12-04 11:02:57');
INSERT INTO `respuestas` VALUES ('487', 'Muy Satisfecho', '137', '2020-12-04 11:02:57', '2020-12-04 11:02:57');
INSERT INTO `respuestas` VALUES ('488', 'Muy Satisfecho', '137', '2020-12-04 11:02:57', '2020-12-04 11:02:57');
INSERT INTO `respuestas` VALUES ('489', 'Muy Satisfecho', '137', '2020-12-04 11:02:57', '2020-12-04 11:02:57');
INSERT INTO `respuestas` VALUES ('490', 'Satisfecho', '137', '2020-12-04 11:02:57', '2020-12-04 11:02:57');
INSERT INTO `respuestas` VALUES ('491', 'Muy Satisfecho', '137', '2020-12-04 11:02:57', '2020-12-04 11:02:57');
INSERT INTO `respuestas` VALUES ('492', 'Muy Satisfecho', '137', '2020-12-04 11:02:57', '2020-12-04 11:02:57');
INSERT INTO `respuestas` VALUES ('493', 'Muy Satisfecho', '137', '2020-12-04 11:02:57', '2020-12-04 11:02:57');
INSERT INTO `respuestas` VALUES ('494', 'Muy Satisfecho', '137', '2020-12-04 11:02:57', '2020-12-04 11:02:57');
INSERT INTO `respuestas` VALUES ('495', 'Muy Satisfecho', '137', '2020-12-04 11:02:57', '2020-12-04 11:02:57');
INSERT INTO `respuestas` VALUES ('496', 'Muy Satisfecho', '137', '2020-12-04 11:02:57', '2020-12-04 11:02:57');
INSERT INTO `respuestas` VALUES ('497', 'Muy Satisfecho', '137', '2020-12-04 11:02:57', '2020-12-04 11:02:57');
INSERT INTO `respuestas` VALUES ('498', 'Muy Satisfecho', '137', '2020-12-04 11:02:57', '2020-12-04 11:02:57');
INSERT INTO `respuestas` VALUES ('499', 'Muy Satisfecho', '137', '2020-12-04 11:02:57', '2020-12-04 11:02:57');
INSERT INTO `respuestas` VALUES ('500', 'Muy Satisfecho', '137', '2020-12-04 11:02:57', '2020-12-04 11:02:57');
INSERT INTO `respuestas` VALUES ('501', 'Muy Satisfecho', '137', '2020-12-04 11:02:57', '2020-12-04 11:02:57');
INSERT INTO `respuestas` VALUES ('502', 'Muy Satisfecho', '137', '2020-12-04 11:02:57', '2020-12-04 11:02:57');
INSERT INTO `respuestas` VALUES ('503', 'Muy Satisfecho', '137', '2020-12-04 11:02:57', '2020-12-04 11:02:57');
INSERT INTO `respuestas` VALUES ('504', 'Muy Satisfecho', '137', '2020-12-04 11:02:57', '2020-12-04 11:02:57');
INSERT INTO `respuestas` VALUES ('505', null, '137', '2020-12-04 11:02:57', '2020-12-04 11:02:57');
INSERT INTO `respuestas` VALUES ('506', 'Muy Satisfecho', '137', '2020-12-04 11:02:57', '2020-12-04 11:02:57');
INSERT INTO `respuestas` VALUES ('507', 'Muy Satisfecho', '42', '2020-12-04 11:02:57', '2020-12-04 11:02:57');
INSERT INTO `respuestas` VALUES ('508', 'Muy Satisfecho', '42', '2020-12-04 11:02:57', '2020-12-04 11:02:57');
INSERT INTO `respuestas` VALUES ('509', 'Muy Satisfecho', '137', '2020-12-04 11:02:57', '2020-12-04 11:02:57');
INSERT INTO `respuestas` VALUES ('510', 'Muy Satisfecho', '42', '2020-12-04 11:02:57', '2020-12-04 11:02:57');
INSERT INTO `respuestas` VALUES ('511', 'Muy Satisfecho', '42', '2020-12-04 11:02:57', '2020-12-04 11:02:57');
INSERT INTO `respuestas` VALUES ('512', 'Muy Satisfecho', '42', '2020-12-04 11:02:57', '2020-12-04 11:02:57');
INSERT INTO `respuestas` VALUES ('513', 'Muy Satisfecho', '137', '2020-12-04 11:02:57', '2020-12-04 11:02:57');
INSERT INTO `respuestas` VALUES ('514', 'Muy Satisfecho', '137', '2020-12-04 11:02:57', '2020-12-04 11:02:57');
INSERT INTO `respuestas` VALUES ('515', 'Muy Satisfecho', '42', '2020-12-04 11:02:57', '2020-12-04 11:02:57');
INSERT INTO `respuestas` VALUES ('516', 'Muy Satisfecho', '42', '2020-12-04 11:02:57', '2020-12-04 11:02:57');
INSERT INTO `respuestas` VALUES ('517', 'Muy Satisfecho', '137', '2020-12-04 11:02:57', '2020-12-04 11:02:57');
INSERT INTO `respuestas` VALUES ('518', 'Muy Satisfecho', '42', '2020-12-04 11:02:57', '2020-12-04 11:02:57');
INSERT INTO `respuestas` VALUES ('519', 'Muy Satisfecho', '137', '2020-12-04 11:02:57', '2020-12-04 11:02:57');
INSERT INTO `respuestas` VALUES ('520', 'Muy Satisfecho', '42', '2020-12-04 11:02:57', '2020-12-04 11:02:57');
INSERT INTO `respuestas` VALUES ('521', 'Muy Satisfecho', '137', '2020-12-04 11:02:57', '2020-12-04 11:02:57');
INSERT INTO `respuestas` VALUES ('522', 'Satisfecho', '40', '2020-12-04 11:02:57', '2020-12-04 11:02:57');
INSERT INTO `respuestas` VALUES ('523', 'Satisfecho', '40', '2020-12-04 11:02:57', '2020-12-04 11:02:57');
INSERT INTO `respuestas` VALUES ('524', 'Muy Satisfecho', '34', '2020-12-04 11:02:57', '2020-12-04 11:02:57');
INSERT INTO `respuestas` VALUES ('525', 'Muy Satisfecho', '34', '2020-12-04 11:02:57', '2020-12-04 11:02:57');
INSERT INTO `respuestas` VALUES ('526', 'Muy Satisfecho', '34', '2020-12-04 11:02:57', '2020-12-04 11:02:57');
INSERT INTO `respuestas` VALUES ('527', 'Muy Satisfecho', '34', '2020-12-04 11:02:57', '2020-12-04 11:02:57');
INSERT INTO `respuestas` VALUES ('528', 'Muy Satisfecho', '34', '2020-12-04 11:02:57', '2020-12-04 11:02:57');
INSERT INTO `respuestas` VALUES ('529', 'Muy Satisfecho', '34', '2020-12-04 11:02:57', '2020-12-04 11:02:57');
INSERT INTO `respuestas` VALUES ('530', 'Muy Satisfecho', '137', '2020-12-04 11:02:57', '2020-12-04 11:02:57');
INSERT INTO `respuestas` VALUES ('531', 'Satisfecho', '137', '2020-12-04 11:02:57', '2020-12-04 11:02:57');
INSERT INTO `respuestas` VALUES ('532', 'Muy Satisfecho', '42', '2020-12-04 11:02:57', '2020-12-04 11:02:57');
INSERT INTO `respuestas` VALUES ('533', 'Muy Satisfecho', '137', '2020-12-04 11:02:57', '2020-12-04 11:02:57');
INSERT INTO `respuestas` VALUES ('534', 'Muy Satisfecho', '137', '2020-12-04 11:02:57', '2020-12-04 11:02:57');
INSERT INTO `respuestas` VALUES ('535', 'Muy Satisfecho', '137', '2020-12-04 11:02:57', '2020-12-04 11:02:57');
INSERT INTO `respuestas` VALUES ('536', 'Muy Satisfecho', '137', '2020-12-04 11:02:57', '2020-12-04 11:02:57');
INSERT INTO `respuestas` VALUES ('537', 'Muy Satisfecho', '137', '2020-12-04 11:02:57', '2020-12-04 11:02:57');
INSERT INTO `respuestas` VALUES ('538', 'Muy Satisfecho', '137', '2020-12-04 11:02:57', '2020-12-04 11:02:57');
INSERT INTO `respuestas` VALUES ('539', 'Muy Satisfecho', '137', '2020-12-04 11:02:57', '2020-12-04 11:02:57');
INSERT INTO `respuestas` VALUES ('540', 'Muy Satisfecho', '137', '2020-12-04 11:02:57', '2020-12-04 11:02:57');
INSERT INTO `respuestas` VALUES ('541', 'Muy Satisfecho', '42', '2020-12-04 11:02:57', '2020-12-04 11:02:57');
INSERT INTO `respuestas` VALUES ('542', 'Muy Satisfecho', '42', '2020-12-04 11:02:57', '2020-12-04 11:02:57');
INSERT INTO `respuestas` VALUES ('543', 'Muy Satisfecho', '137', '2020-12-04 11:02:57', '2020-12-04 11:02:57');
INSERT INTO `respuestas` VALUES ('544', 'Muy Satisfecho', '42', '2020-12-04 11:02:57', '2020-12-04 11:02:57');
INSERT INTO `respuestas` VALUES ('545', 'Muy Satisfecho', '137', '2020-12-04 11:02:57', '2020-12-04 11:02:57');
INSERT INTO `respuestas` VALUES ('546', 'Muy Satisfecho', '137', '2020-12-04 11:02:57', '2020-12-04 11:02:57');
INSERT INTO `respuestas` VALUES ('547', 'Muy Satisfecho', '137', '2020-12-04 11:02:57', '2020-12-04 11:02:57');
INSERT INTO `respuestas` VALUES ('548', 'Muy Satisfecho', '137', '2020-12-04 11:02:57', '2020-12-04 11:02:57');
INSERT INTO `respuestas` VALUES ('549', 'Muy Satisfecho', '137', '2020-12-04 11:02:57', '2020-12-04 11:02:57');
INSERT INTO `respuestas` VALUES ('550', 'Muy Satisfecho', '137', '2020-12-04 11:02:57', '2020-12-04 11:02:57');
INSERT INTO `respuestas` VALUES ('551', 'Muy Satisfecho', '137', '2020-12-04 11:02:57', '2020-12-04 11:02:57');
INSERT INTO `respuestas` VALUES ('552', 'Muy Satisfecho', '137', '2020-12-04 11:02:57', '2020-12-04 11:02:57');
INSERT INTO `respuestas` VALUES ('553', 'Muy Satisfecho', '137', '2020-12-04 11:02:57', '2020-12-04 11:02:57');
INSERT INTO `respuestas` VALUES ('554', 'Muy Satisfecho', '137', '2020-12-04 11:02:57', '2020-12-04 11:02:57');
INSERT INTO `respuestas` VALUES ('555', 'Muy Satisfecho', '137', '2020-12-04 11:02:57', '2020-12-04 11:02:57');
INSERT INTO `respuestas` VALUES ('556', 'Muy Satisfecho', '137', '2020-12-04 11:02:57', '2020-12-04 11:02:57');
INSERT INTO `respuestas` VALUES ('557', 'Muy Satisfecho', '137', '2020-12-04 11:02:57', '2020-12-04 11:02:57');
INSERT INTO `respuestas` VALUES ('558', 'Muy Satisfecho', '137', '2020-12-04 11:02:57', '2020-12-04 11:02:57');
INSERT INTO `respuestas` VALUES ('559', 'Muy Satisfecho', '137', '2020-12-04 11:02:57', '2020-12-04 11:02:57');
INSERT INTO `respuestas` VALUES ('560', 'Muy Satisfecho', '137', '2020-12-04 11:02:57', '2020-12-04 11:02:57');
INSERT INTO `respuestas` VALUES ('561', 'Muy Satisfecho', '137', '2020-12-04 11:02:57', '2020-12-04 11:02:57');
INSERT INTO `respuestas` VALUES ('562', 'Muy Satisfecho', '137', '2020-12-04 11:02:57', '2020-12-04 11:02:57');
INSERT INTO `respuestas` VALUES ('563', 'Muy Satisfecho', '137', '2020-12-04 11:02:57', '2020-12-04 11:02:57');
INSERT INTO `respuestas` VALUES ('564', 'Muy Satisfecho', '137', '2020-12-04 11:02:57', '2020-12-04 11:02:57');
INSERT INTO `respuestas` VALUES ('565', 'Muy Satisfecho', '137', '2020-12-04 11:02:57', '2020-12-04 11:02:57');
INSERT INTO `respuestas` VALUES ('566', 'Muy Satisfecho', '137', '2020-12-04 11:02:57', '2020-12-04 11:02:57');
INSERT INTO `respuestas` VALUES ('567', 'Muy Satisfecho', '137', '2020-12-04 11:02:57', '2020-12-04 11:02:57');
INSERT INTO `respuestas` VALUES ('568', 'Muy Satisfecho', '137', '2020-12-04 11:02:57', '2020-12-04 11:02:57');
INSERT INTO `respuestas` VALUES ('569', 'Muy Satisfecho', '42', '2020-12-04 11:02:57', '2020-12-04 11:02:57');
INSERT INTO `respuestas` VALUES ('570', 'Muy Satisfecho', '137', '2020-12-04 11:02:57', '2020-12-04 11:02:57');
INSERT INTO `respuestas` VALUES ('571', 'Muy Satisfecho', '42', '2020-12-04 11:02:57', '2020-12-04 11:02:57');
INSERT INTO `respuestas` VALUES ('572', 'Muy Satisfecho', '42', '2020-12-04 11:02:57', '2020-12-04 11:02:57');
INSERT INTO `respuestas` VALUES ('573', 'Muy Satisfecho', '42', '2020-12-04 11:02:57', '2020-12-04 11:02:57');
INSERT INTO `respuestas` VALUES ('574', 'Muy Satisfecho', '42', '2020-12-04 11:02:57', '2020-12-04 11:02:57');
INSERT INTO `respuestas` VALUES ('575', 'Muy Satisfecho', '42', '2020-12-04 11:02:57', '2020-12-04 11:02:57');
INSERT INTO `respuestas` VALUES ('576', 'Muy Satisfecho', '42', '2020-12-04 11:02:57', '2020-12-04 11:02:57');
INSERT INTO `respuestas` VALUES ('577', 'Muy Satisfecho', '137', '2020-12-04 11:02:57', '2020-12-04 11:02:57');
INSERT INTO `respuestas` VALUES ('578', 'Muy Satisfecho', '137', '2020-12-04 11:02:57', '2020-12-04 11:02:57');
INSERT INTO `respuestas` VALUES ('579', 'Muy Satisfecho', '137', '2020-12-04 11:02:57', '2020-12-04 11:02:57');
INSERT INTO `respuestas` VALUES ('580', 'Muy Satisfecho', '137', '2020-12-04 11:02:57', '2020-12-04 11:02:57');
INSERT INTO `respuestas` VALUES ('581', 'Muy Satisfecho', '137', '2020-12-04 11:02:57', '2020-12-04 11:02:57');
INSERT INTO `respuestas` VALUES ('582', 'Muy Satisfecho', '137', '2020-12-04 11:02:57', '2020-12-04 11:02:57');
INSERT INTO `respuestas` VALUES ('583', 'Muy Satisfecho', '137', '2020-12-04 11:02:57', '2020-12-04 11:02:57');
INSERT INTO `respuestas` VALUES ('584', 'Muy Satisfecho', '137', '2020-12-04 11:02:57', '2020-12-04 11:02:57');
INSERT INTO `respuestas` VALUES ('585', 'Muy Satisfecho', '137', '2020-12-04 11:02:57', '2020-12-04 11:02:57');
INSERT INTO `respuestas` VALUES ('586', 'Muy Satisfecho', '137', '2020-12-04 11:02:57', '2020-12-04 11:02:57');
INSERT INTO `respuestas` VALUES ('587', 'Muy Satisfecho', '137', '2020-12-04 11:02:57', '2020-12-04 11:02:57');
INSERT INTO `respuestas` VALUES ('588', 'Muy Satisfecho', '137', '2020-12-04 11:02:57', '2020-12-04 11:02:57');
INSERT INTO `respuestas` VALUES ('589', 'Muy Satisfecho', '137', '2020-12-04 11:02:57', '2020-12-04 11:02:57');
INSERT INTO `respuestas` VALUES ('590', 'Muy Satisfecho', '137', '2020-12-04 11:02:57', '2020-12-04 11:02:57');
INSERT INTO `respuestas` VALUES ('591', 'Muy Satisfecho', '137', '2020-12-04 11:02:57', '2020-12-04 11:02:57');
INSERT INTO `respuestas` VALUES ('592', 'Muy Satisfecho', '137', '2020-12-04 11:02:57', '2020-12-04 11:02:57');
INSERT INTO `respuestas` VALUES ('593', 'Muy Satisfecho', '137', '2020-12-04 11:02:57', '2020-12-04 11:02:57');
INSERT INTO `respuestas` VALUES ('594', 'Muy Satisfecho', '137', '2020-12-04 11:02:57', '2020-12-04 11:02:57');
INSERT INTO `respuestas` VALUES ('595', 'Muy Satisfecho', '137', '2020-12-04 11:02:57', '2020-12-04 11:02:57');
INSERT INTO `respuestas` VALUES ('596', 'Muy Satisfecho', '137', '2020-12-04 11:02:57', '2020-12-04 11:02:57');
INSERT INTO `respuestas` VALUES ('597', 'Muy Satisfecho', '137', '2020-12-04 11:02:57', '2020-12-04 11:02:57');
INSERT INTO `respuestas` VALUES ('598', 'Muy Satisfecho', '137', '2020-12-04 11:02:57', '2020-12-04 11:02:57');
INSERT INTO `respuestas` VALUES ('599', 'Muy Satisfecho', '137', '2020-12-04 11:02:57', '2020-12-04 11:02:57');
INSERT INTO `respuestas` VALUES ('600', 'Muy Satisfecho', '137', '2020-12-04 11:02:57', '2020-12-04 11:02:57');
INSERT INTO `respuestas` VALUES ('601', 'Muy Satisfecho', '137', '2020-12-04 11:02:57', '2020-12-04 11:02:57');
INSERT INTO `respuestas` VALUES ('602', 'Muy Satisfecho', '42', '2020-12-04 11:02:57', '2020-12-04 11:02:57');
INSERT INTO `respuestas` VALUES ('603', 'Muy Satisfecho', '42', '2020-12-04 11:02:57', '2020-12-04 11:02:57');
INSERT INTO `respuestas` VALUES ('604', 'Muy Satisfecho', '137', '2020-12-04 11:02:57', '2020-12-04 11:02:57');
INSERT INTO `respuestas` VALUES ('605', 'Muy Satisfecho', '42', '2020-12-04 11:02:57', '2020-12-04 11:02:57');
INSERT INTO `respuestas` VALUES ('606', 'Muy Satisfecho', '137', '2020-12-04 11:02:57', '2020-12-04 11:02:57');
INSERT INTO `respuestas` VALUES ('607', 'Muy Satisfecho', '137', '2020-12-04 11:02:57', '2020-12-04 11:02:57');
INSERT INTO `respuestas` VALUES ('608', 'Muy Satisfecho', '40', '2020-12-04 11:02:57', '2020-12-04 11:02:57');
INSERT INTO `respuestas` VALUES ('609', 'Satisfecho', '40', '2020-12-04 11:02:57', '2020-12-04 11:02:57');
INSERT INTO `respuestas` VALUES ('610', 'Muy Satisfecho', '137', '2020-12-04 11:02:57', '2020-12-04 11:02:57');
INSERT INTO `respuestas` VALUES ('611', 'Muy Satisfecho', '137', '2020-12-04 11:02:57', '2020-12-04 11:02:57');
INSERT INTO `respuestas` VALUES ('612', 'Muy Satisfecho', '42', '2020-12-04 11:02:57', '2020-12-04 11:02:57');
INSERT INTO `respuestas` VALUES ('613', 'Muy Satisfecho', '137', '2020-12-04 11:02:57', '2020-12-04 11:02:57');
INSERT INTO `respuestas` VALUES ('614', 'Muy Satisfecho', '42', '2020-12-04 11:02:57', '2020-12-04 11:02:57');
INSERT INTO `respuestas` VALUES ('615', 'Muy Satisfecho', '42', '2020-12-04 11:02:57', '2020-12-04 11:02:57');
INSERT INTO `respuestas` VALUES ('616', 'Muy Satisfecho', '137', '2020-12-04 11:02:57', '2020-12-04 11:02:57');
INSERT INTO `respuestas` VALUES ('617', 'Satisfecho', '137', '2020-12-04 11:02:57', '2020-12-04 11:02:57');
INSERT INTO `respuestas` VALUES ('618', 'Muy Satisfecho', '42', '2020-12-04 11:02:57', '2020-12-04 11:02:57');
INSERT INTO `respuestas` VALUES ('619', 'Muy Satisfecho', '42', '2020-12-04 11:02:57', '2020-12-04 11:02:57');
INSERT INTO `respuestas` VALUES ('620', 'Muy Satisfecho', '42', '2020-12-04 11:02:57', '2020-12-04 11:02:57');
INSERT INTO `respuestas` VALUES ('621', 'Muy Satisfecho', '42', '2020-12-04 11:02:57', '2020-12-04 11:02:57');
INSERT INTO `respuestas` VALUES ('622', 'Muy Satisfecho', '42', '2020-12-04 11:02:57', '2020-12-04 11:02:57');
INSERT INTO `respuestas` VALUES ('623', 'Muy Satisfecho', '137', '2020-12-04 11:02:57', '2020-12-04 11:02:57');
INSERT INTO `respuestas` VALUES ('624', 'Muy Satisfecho', '42', '2020-12-04 11:02:57', '2020-12-04 11:02:57');
INSERT INTO `respuestas` VALUES ('625', 'Muy Satisfecho', '42', '2020-12-04 11:02:57', '2020-12-04 11:02:57');
INSERT INTO `respuestas` VALUES ('626', 'Muy Satisfecho', '42', '2020-12-04 11:02:57', '2020-12-04 11:02:57');
INSERT INTO `respuestas` VALUES ('627', 'Muy Satisfecho', '137', '2020-12-04 11:02:57', '2020-12-04 11:02:57');
INSERT INTO `respuestas` VALUES ('628', 'Muy Satisfecho', '42', '2020-12-04 11:02:57', '2020-12-04 11:02:57');
INSERT INTO `respuestas` VALUES ('629', 'Muy Satisfecho', '137', '2020-12-04 11:02:57', '2020-12-04 11:02:57');
INSERT INTO `respuestas` VALUES ('630', 'Muy Satisfecho', '137', '2020-12-04 11:02:57', '2020-12-04 11:02:57');
INSERT INTO `respuestas` VALUES ('631', 'Muy Satisfecho', '137', '2020-12-04 11:02:57', '2020-12-04 11:02:57');
INSERT INTO `respuestas` VALUES ('632', 'Satisfecho', '42', '2020-12-04 11:02:57', '2020-12-04 11:02:57');
INSERT INTO `respuestas` VALUES ('633', 'Insatisfecho', '42', '2020-12-04 11:02:57', '2020-12-04 11:02:57');
INSERT INTO `respuestas` VALUES ('634', 'Muy Satisfecho', '42', '2020-12-04 11:02:57', '2020-12-04 11:02:57');
INSERT INTO `respuestas` VALUES ('635', 'Muy Satisfecho', '42', '2020-12-04 11:02:57', '2020-12-04 11:02:57');
INSERT INTO `respuestas` VALUES ('636', 'Muy Satisfecho', '42', '2020-12-04 11:02:57', '2020-12-04 11:02:57');
INSERT INTO `respuestas` VALUES ('637', 'Muy Satisfecho', '42', '2020-12-04 11:02:57', '2020-12-04 11:02:57');
INSERT INTO `respuestas` VALUES ('638', 'Muy Satisfecho', '42', '2020-12-04 11:02:57', '2020-12-04 11:02:57');
INSERT INTO `respuestas` VALUES ('639', 'Muy Satisfecho', '42', '2020-12-04 11:02:57', '2020-12-04 11:02:57');
INSERT INTO `respuestas` VALUES ('640', 'Muy Satisfecho', '42', '2020-12-04 11:02:57', '2020-12-04 11:02:57');
INSERT INTO `respuestas` VALUES ('641', 'Muy Satisfecho', '137', '2020-12-04 11:02:57', '2020-12-04 11:02:57');
INSERT INTO `respuestas` VALUES ('642', 'Muy Satisfecho', '137', '2020-12-04 11:02:57', '2020-12-04 11:02:57');
INSERT INTO `respuestas` VALUES ('643', 'Muy Satisfecho', '137', '2020-12-04 11:02:57', '2020-12-04 11:02:57');
INSERT INTO `respuestas` VALUES ('644', 'Muy Satisfecho', '42', '2020-12-04 11:02:57', '2020-12-04 11:02:57');
INSERT INTO `respuestas` VALUES ('645', 'Muy Satisfecho', '42', '2020-12-04 11:02:57', '2020-12-04 11:02:57');
INSERT INTO `respuestas` VALUES ('646', 'Muy Satisfecho', '42', '2020-12-04 11:02:57', '2020-12-04 11:02:57');
INSERT INTO `respuestas` VALUES ('647', 'Muy Satisfecho', '137', '2020-12-04 11:02:57', '2020-12-04 11:02:57');
INSERT INTO `respuestas` VALUES ('648', 'Muy Satisfecho', '42', '2020-12-04 11:02:57', '2020-12-04 11:02:57');
INSERT INTO `respuestas` VALUES ('649', 'Muy Satisfecho', '42', '2020-12-04 11:02:57', '2020-12-04 11:02:57');
INSERT INTO `respuestas` VALUES ('650', 'Muy Satisfecho', '42', '2020-12-04 11:02:57', '2020-12-04 11:02:57');
INSERT INTO `respuestas` VALUES ('651', 'Muy Satisfecho', '42', '2020-12-04 11:02:57', '2020-12-04 11:02:57');
INSERT INTO `respuestas` VALUES ('652', 'Muy Satisfecho', '137', '2020-12-04 11:02:57', '2020-12-04 11:02:57');
INSERT INTO `respuestas` VALUES ('653', 'Muy Satisfecho', '137', '2020-12-04 11:02:57', '2020-12-04 11:02:57');
INSERT INTO `respuestas` VALUES ('654', 'Muy Satisfecho', '137', '2020-12-04 11:02:57', '2020-12-04 11:02:57');
INSERT INTO `respuestas` VALUES ('655', 'Muy Satisfecho', '137', '2020-12-04 11:02:57', '2020-12-04 11:02:57');
INSERT INTO `respuestas` VALUES ('656', 'Muy Satisfecho', '137', '2020-12-04 11:02:57', '2020-12-04 11:02:57');
INSERT INTO `respuestas` VALUES ('657', 'Muy Satisfecho', '137', '2020-12-04 11:02:57', '2020-12-04 11:02:57');
INSERT INTO `respuestas` VALUES ('658', 'Muy Satisfecho', '137', '2020-12-04 11:02:57', '2020-12-04 11:02:57');
INSERT INTO `respuestas` VALUES ('659', 'Muy Satisfecho', '137', '2020-12-04 11:02:57', '2020-12-04 11:02:57');
INSERT INTO `respuestas` VALUES ('660', 'Muy Satisfecho', '137', '2020-12-04 11:02:57', '2020-12-04 11:02:57');
INSERT INTO `respuestas` VALUES ('661', 'Muy Satisfecho', '137', '2020-12-04 11:02:57', '2020-12-04 11:02:57');
INSERT INTO `respuestas` VALUES ('662', 'Muy Satisfecho', '137', '2020-12-04 11:02:57', '2020-12-04 11:02:57');
INSERT INTO `respuestas` VALUES ('663', 'Muy Satisfecho', '137', '2020-12-04 11:02:57', '2020-12-04 11:02:57');
INSERT INTO `respuestas` VALUES ('664', 'Muy Satisfecho', '137', '2020-12-04 11:02:57', '2020-12-04 11:02:57');
INSERT INTO `respuestas` VALUES ('665', 'Muy Satisfecho', '137', '2020-12-04 11:02:57', '2020-12-04 11:02:57');
INSERT INTO `respuestas` VALUES ('666', 'Muy Satisfecho', '137', '2020-12-04 11:02:57', '2020-12-04 11:02:57');
INSERT INTO `respuestas` VALUES ('667', 'Muy Satisfecho', '137', '2020-12-04 11:02:57', '2020-12-04 11:02:57');
INSERT INTO `respuestas` VALUES ('668', 'Muy Satisfecho', '137', '2020-12-04 11:02:57', '2020-12-04 11:02:57');
INSERT INTO `respuestas` VALUES ('669', 'Muy Satisfecho', '137', '2020-12-04 11:02:57', '2020-12-04 11:02:57');
INSERT INTO `respuestas` VALUES ('670', 'Muy Satisfecho', '137', '2020-12-04 11:02:57', '2020-12-04 11:02:57');
INSERT INTO `respuestas` VALUES ('671', 'Muy Satisfecho', '137', '2020-12-04 11:02:57', '2020-12-04 11:02:57');
INSERT INTO `respuestas` VALUES ('672', 'Muy Satisfecho', '137', '2020-12-04 11:02:57', '2020-12-04 11:02:57');
INSERT INTO `respuestas` VALUES ('673', 'Muy Satisfecho', '42', '2020-12-04 11:02:57', '2020-12-04 11:02:57');
INSERT INTO `respuestas` VALUES ('674', 'Muy Satisfecho', '137', '2020-12-04 11:02:57', '2020-12-04 11:02:57');
INSERT INTO `respuestas` VALUES ('675', 'Muy Satisfecho', '137', '2020-12-04 11:02:57', '2020-12-04 11:02:57');
INSERT INTO `respuestas` VALUES ('676', 'Muy Satisfecho', '137', '2020-12-04 11:02:57', '2020-12-04 11:02:57');
INSERT INTO `respuestas` VALUES ('677', 'Muy Satisfecho', '137', '2020-12-04 11:02:57', '2020-12-04 11:02:57');
INSERT INTO `respuestas` VALUES ('678', 'Muy Satisfecho', '137', '2020-12-04 11:02:57', '2020-12-04 11:02:57');
INSERT INTO `respuestas` VALUES ('679', 'Muy Satisfecho', '137', '2020-12-04 11:02:57', '2020-12-04 11:02:57');
INSERT INTO `respuestas` VALUES ('680', 'Muy Satisfecho', '137', '2020-12-04 11:02:57', '2020-12-04 11:02:57');
INSERT INTO `respuestas` VALUES ('681', 'Muy Satisfecho', '137', '2020-12-04 11:02:57', '2020-12-04 11:02:57');
INSERT INTO `respuestas` VALUES ('682', 'Muy Satisfecho', '137', '2020-12-04 11:02:57', '2020-12-04 11:02:57');
INSERT INTO `respuestas` VALUES ('683', 'Muy Satisfecho', '137', '2020-12-04 11:02:57', '2020-12-04 11:02:57');
INSERT INTO `respuestas` VALUES ('684', 'Muy Satisfecho', '137', '2020-12-04 11:02:57', '2020-12-04 11:02:57');
INSERT INTO `respuestas` VALUES ('685', 'Muy Satisfecho', '137', '2020-12-04 11:02:57', '2020-12-04 11:02:57');
INSERT INTO `respuestas` VALUES ('686', 'Muy Satisfecho', '137', '2020-12-04 11:02:57', '2020-12-04 11:02:57');
INSERT INTO `respuestas` VALUES ('687', 'Muy Satisfecho', '137', '2020-12-04 11:02:57', '2020-12-04 11:02:57');
INSERT INTO `respuestas` VALUES ('688', 'Muy Satisfecho', '137', '2020-12-04 11:02:57', '2020-12-04 11:02:57');
INSERT INTO `respuestas` VALUES ('689', 'Muy Satisfecho', '137', '2020-12-04 11:02:57', '2020-12-04 11:02:57');
INSERT INTO `respuestas` VALUES ('690', 'Muy Satisfecho', '137', '2020-12-04 11:02:57', '2020-12-04 11:02:57');
INSERT INTO `respuestas` VALUES ('691', 'Muy Satisfecho', '137', '2020-12-04 11:02:57', '2020-12-04 11:02:57');
INSERT INTO `respuestas` VALUES ('692', 'Muy Satisfecho', '137', '2020-12-04 11:02:57', '2020-12-04 11:02:57');
INSERT INTO `respuestas` VALUES ('693', 'Muy Satisfecho', '42', '2020-12-04 11:02:57', '2020-12-04 11:02:57');
INSERT INTO `respuestas` VALUES ('694', 'Muy Satisfecho', '42', '2020-12-04 11:02:57', '2020-12-04 11:02:57');
INSERT INTO `respuestas` VALUES ('695', 'Muy Satisfecho', '42', '2020-12-04 11:02:57', '2020-12-04 11:02:57');
INSERT INTO `respuestas` VALUES ('696', 'Muy Satisfecho', '42', '2020-12-04 11:02:57', '2020-12-04 11:02:57');
INSERT INTO `respuestas` VALUES ('697', 'Muy Satisfecho', '42', '2020-12-04 11:02:57', '2020-12-04 11:02:57');
INSERT INTO `respuestas` VALUES ('698', 'Muy Satisfecho', '42', '2020-12-04 11:02:57', '2020-12-04 11:02:57');
INSERT INTO `respuestas` VALUES ('699', 'Muy Satisfecho', '42', '2020-12-04 11:02:57', '2020-12-04 11:02:57');
INSERT INTO `respuestas` VALUES ('700', 'Muy Satisfecho', '42', '2020-12-04 11:02:57', '2020-12-04 11:02:57');
INSERT INTO `respuestas` VALUES ('701', 'Muy Satisfecho', '42', '2020-12-04 11:02:57', '2020-12-04 11:02:57');
INSERT INTO `respuestas` VALUES ('702', 'Muy Satisfecho', '137', '2020-12-04 11:02:57', '2020-12-04 11:02:57');
INSERT INTO `respuestas` VALUES ('703', 'Muy Satisfecho', '137', '2020-12-04 11:02:57', '2020-12-04 11:02:57');
INSERT INTO `respuestas` VALUES ('704', 'Muy Satisfecho', '42', '2020-12-04 11:02:57', '2020-12-04 11:02:57');
INSERT INTO `respuestas` VALUES ('705', 'Muy Satisfecho', '42', '2020-12-04 11:02:57', '2020-12-04 11:02:57');
INSERT INTO `respuestas` VALUES ('706', 'Muy Satisfecho', '42', '2020-12-04 11:02:57', '2020-12-04 11:02:57');
INSERT INTO `respuestas` VALUES ('707', 'Muy Satisfecho', '42', '2020-12-04 11:02:57', '2020-12-04 11:02:57');
INSERT INTO `respuestas` VALUES ('708', 'Muy Satisfecho', '137', '2020-12-04 11:02:57', '2020-12-04 11:02:57');
INSERT INTO `respuestas` VALUES ('709', 'Muy Satisfecho', '42', '2020-12-04 11:02:57', '2020-12-04 11:02:57');
INSERT INTO `respuestas` VALUES ('710', 'Muy Satisfecho', '42', '2020-12-04 11:02:57', '2020-12-04 11:02:57');
INSERT INTO `respuestas` VALUES ('711', 'Muy Satisfecho', '42', '2020-12-04 11:02:57', '2020-12-04 11:02:57');
INSERT INTO `respuestas` VALUES ('712', 'Muy Satisfecho', '42', '2020-12-04 11:02:57', '2020-12-04 11:02:57');
INSERT INTO `respuestas` VALUES ('713', 'Muy Satisfecho', '42', '2020-12-04 11:02:57', '2020-12-04 11:02:57');
INSERT INTO `respuestas` VALUES ('714', 'Muy Satisfecho', '42', '2020-12-04 11:02:57', '2020-12-04 11:02:57');
INSERT INTO `respuestas` VALUES ('715', 'Muy Satisfecho', '42', '2020-12-04 11:02:57', '2020-12-04 11:02:57');
INSERT INTO `respuestas` VALUES ('716', 'Muy Satisfecho', '42', '2020-12-04 11:02:57', '2020-12-04 11:02:57');
INSERT INTO `respuestas` VALUES ('717', 'Muy Satisfecho', '42', '2020-12-04 11:02:57', '2020-12-04 11:02:57');
INSERT INTO `respuestas` VALUES ('718', 'Muy Satisfecho', '42', '2020-12-04 11:02:57', '2020-12-04 11:02:57');
INSERT INTO `respuestas` VALUES ('719', 'Muy Satisfecho', '42', '2020-12-04 11:02:57', '2020-12-04 11:02:57');
INSERT INTO `respuestas` VALUES ('720', 'Muy Satisfecho', '42', '2020-12-04 11:02:57', '2020-12-04 11:02:57');
INSERT INTO `respuestas` VALUES ('721', 'Muy Satisfecho', '42', '2020-12-04 11:02:57', '2020-12-04 11:02:57');
INSERT INTO `respuestas` VALUES ('722', 'Muy Satisfecho', '42', '2020-12-04 11:02:57', '2020-12-04 11:02:57');
INSERT INTO `respuestas` VALUES ('723', 'Muy Satisfecho', '42', '2020-12-04 11:02:57', '2020-12-04 11:02:57');
INSERT INTO `respuestas` VALUES ('724', 'Muy Satisfecho', '42', '2020-12-04 11:02:57', '2020-12-04 11:02:57');
INSERT INTO `respuestas` VALUES ('725', 'Muy Satisfecho', '42', '2020-12-04 11:02:57', '2020-12-04 11:02:57');
INSERT INTO `respuestas` VALUES ('726', 'Muy Satisfecho', '42', '2020-12-04 11:02:57', '2020-12-04 11:02:57');
INSERT INTO `respuestas` VALUES ('727', 'Muy Satisfecho', '42', '2020-12-04 11:02:57', '2020-12-04 11:02:57');
INSERT INTO `respuestas` VALUES ('728', 'Muy Satisfecho', '137', '2020-12-04 11:02:57', '2020-12-04 11:02:57');
INSERT INTO `respuestas` VALUES ('729', 'Muy Satisfecho', '42', '2020-12-04 11:02:57', '2020-12-04 11:02:57');
INSERT INTO `respuestas` VALUES ('730', 'Muy Satisfecho', '137', '2020-12-04 11:02:57', '2020-12-04 11:02:57');
INSERT INTO `respuestas` VALUES ('731', 'Satisfecho', '42', '2020-12-04 11:02:57', '2020-12-04 11:02:57');
INSERT INTO `respuestas` VALUES ('732', 'Muy Satisfecho', '42', '2020-12-04 11:02:57', '2020-12-04 11:02:57');
INSERT INTO `respuestas` VALUES ('733', 'Muy Satisfecho', '137', '2020-12-04 11:02:57', '2020-12-04 11:02:57');
INSERT INTO `respuestas` VALUES ('734', 'Muy Satisfecho', '137', '2020-12-04 11:02:57', '2020-12-04 11:02:57');
INSERT INTO `respuestas` VALUES ('735', 'Muy Satisfecho', '42', '2020-12-04 11:02:57', '2020-12-04 11:02:57');
INSERT INTO `respuestas` VALUES ('736', 'Muy Satisfecho', '42', '2020-12-04 11:02:57', '2020-12-04 11:02:57');
INSERT INTO `respuestas` VALUES ('737', 'Muy Satisfecho', '42', '2020-12-04 11:02:57', '2020-12-04 11:02:57');
INSERT INTO `respuestas` VALUES ('738', 'Muy Satisfecho', '42', '2020-12-04 11:02:57', '2020-12-04 11:02:57');
INSERT INTO `respuestas` VALUES ('739', 'Muy Satisfecho', '40', '2020-12-04 11:02:57', '2020-12-04 11:02:57');
INSERT INTO `respuestas` VALUES ('740', 'Muy Satisfecho', '42', '2020-12-04 11:02:57', '2020-12-04 11:02:57');
INSERT INTO `respuestas` VALUES ('741', 'Muy Satisfecho', '137', '2020-12-04 11:02:57', '2020-12-04 11:02:57');
INSERT INTO `respuestas` VALUES ('742', 'Muy Satisfecho', '137', '2020-12-04 11:02:57', '2020-12-04 11:02:57');
INSERT INTO `respuestas` VALUES ('743', 'Muy Satisfecho', '42', '2020-12-04 11:02:57', '2020-12-04 11:02:57');
INSERT INTO `respuestas` VALUES ('744', 'Muy Satisfecho', '42', '2020-12-04 11:02:57', '2020-12-04 11:02:57');
INSERT INTO `respuestas` VALUES ('745', 'Muy Satisfecho', '137', '2020-12-04 11:02:57', '2020-12-04 11:02:57');
INSERT INTO `respuestas` VALUES ('746', 'Muy Satisfecho', '137', '2020-12-04 11:02:57', '2020-12-04 11:02:57');
INSERT INTO `respuestas` VALUES ('747', 'Muy Satisfecho', '137', '2020-12-04 11:02:57', '2020-12-04 11:02:57');
INSERT INTO `respuestas` VALUES ('748', 'Muy Satisfecho', '137', '2020-12-04 11:02:57', '2020-12-04 11:02:57');
INSERT INTO `respuestas` VALUES ('749', 'Muy Satisfecho', '137', '2020-12-04 11:02:57', '2020-12-04 11:02:57');
INSERT INTO `respuestas` VALUES ('750', 'Muy Satisfecho', '137', '2020-12-04 11:02:57', '2020-12-04 11:02:57');
INSERT INTO `respuestas` VALUES ('751', 'Muy Satisfecho', '30', '2020-12-04 11:02:57', '2020-12-04 11:02:57');
INSERT INTO `respuestas` VALUES ('752', 'Muy Satisfecho', '30', '2020-12-04 11:02:57', '2020-12-04 11:02:57');
INSERT INTO `respuestas` VALUES ('753', 'Muy Satisfecho', '30', '2020-12-04 11:02:57', '2020-12-04 11:02:57');
INSERT INTO `respuestas` VALUES ('754', 'Muy Satisfecho', '30', '2020-12-04 11:02:57', '2020-12-04 11:02:57');
INSERT INTO `respuestas` VALUES ('755', 'Muy Satisfecho', '30', '2020-12-04 11:02:57', '2020-12-04 11:02:57');
INSERT INTO `respuestas` VALUES ('756', 'Muy Satisfecho', '30', '2020-12-04 11:02:57', '2020-12-04 11:02:57');
INSERT INTO `respuestas` VALUES ('757', 'Muy Satisfecho', '30', '2020-12-04 11:02:57', '2020-12-04 11:02:57');
INSERT INTO `respuestas` VALUES ('758', 'Muy Satisfecho', '30', '2020-12-04 11:02:57', '2020-12-04 11:02:57');
INSERT INTO `respuestas` VALUES ('759', 'Muy Satisfecho', '30', '2020-12-04 11:02:57', '2020-12-04 11:02:57');
INSERT INTO `respuestas` VALUES ('760', 'Muy Satisfecho', '30', '2020-12-04 11:02:57', '2020-12-04 11:02:57');
INSERT INTO `respuestas` VALUES ('761', 'Muy Satisfecho', '30', '2020-12-04 11:02:57', '2020-12-04 11:02:57');
INSERT INTO `respuestas` VALUES ('762', 'Muy Satisfecho', '30', '2020-12-04 11:02:57', '2020-12-04 11:02:57');
INSERT INTO `respuestas` VALUES ('763', 'Muy Satisfecho', '137', '2020-12-04 11:02:57', '2020-12-04 11:02:57');
INSERT INTO `respuestas` VALUES ('764', 'Muy Satisfecho', '137', '2020-12-04 11:02:57', '2020-12-04 11:02:57');
INSERT INTO `respuestas` VALUES ('765', 'Muy Satisfecho', '137', '2020-12-04 11:02:57', '2020-12-04 11:02:57');
INSERT INTO `respuestas` VALUES ('766', 'Muy Satisfecho', '137', '2020-12-04 11:02:57', '2020-12-04 11:02:57');
INSERT INTO `respuestas` VALUES ('767', 'Muy Satisfecho', '137', '2020-12-04 11:02:57', '2020-12-04 11:02:57');
INSERT INTO `respuestas` VALUES ('768', 'Muy Satisfecho', '137', '2020-12-04 11:02:57', '2020-12-04 11:02:57');
INSERT INTO `respuestas` VALUES ('769', 'Muy Satisfecho', '137', '2020-12-04 11:02:57', '2020-12-04 11:02:57');
INSERT INTO `respuestas` VALUES ('770', 'Muy Satisfecho', '137', '2020-12-04 11:02:57', '2020-12-04 11:02:57');
INSERT INTO `respuestas` VALUES ('771', 'Muy Satisfecho', '40', '2020-12-04 11:02:57', '2020-12-04 11:02:57');
INSERT INTO `respuestas` VALUES ('772', 'Muy Satisfecho', '30', '2020-12-04 11:02:57', '2020-12-04 11:02:57');
INSERT INTO `respuestas` VALUES ('773', 'Muy Satisfecho', '30', '2020-12-04 11:02:57', '2020-12-04 11:02:57');
INSERT INTO `respuestas` VALUES ('774', 'Muy Satisfecho', '137', '2020-12-04 11:02:57', '2020-12-04 11:02:57');
INSERT INTO `respuestas` VALUES ('775', 'Muy Satisfecho', '30', '2020-12-04 11:02:57', '2020-12-04 11:02:57');
INSERT INTO `respuestas` VALUES ('776', 'Muy Satisfecho', '137', '2020-12-04 11:02:57', '2020-12-04 11:02:57');
INSERT INTO `respuestas` VALUES ('777', 'Muy Satisfecho', '137', '2020-12-04 11:02:57', '2020-12-04 11:02:57');
INSERT INTO `respuestas` VALUES ('778', 'Muy Satisfecho', '30', '2020-12-04 11:02:57', '2020-12-04 11:02:57');
INSERT INTO `respuestas` VALUES ('779', 'Muy Satisfecho', '30', '2020-12-04 11:02:57', '2020-12-04 11:02:57');
INSERT INTO `respuestas` VALUES ('780', 'Muy Satisfecho', '30', '2020-12-04 11:02:57', '2020-12-04 11:02:57');
INSERT INTO `respuestas` VALUES ('781', 'Muy Satisfecho', '137', '2020-12-04 11:02:57', '2020-12-04 11:02:57');
INSERT INTO `respuestas` VALUES ('782', 'Muy Satisfecho', '137', '2020-12-04 11:02:57', '2020-12-04 11:02:57');
INSERT INTO `respuestas` VALUES ('783', 'Muy Satisfecho', '137', '2020-12-04 11:02:57', '2020-12-04 11:02:57');
INSERT INTO `respuestas` VALUES ('784', 'Muy Satisfecho', '137', '2020-12-04 11:02:57', '2020-12-04 11:02:57');
INSERT INTO `respuestas` VALUES ('785', 'Muy Satisfecho', '137', '2020-12-04 11:02:57', '2020-12-04 11:02:57');
INSERT INTO `respuestas` VALUES ('786', 'Muy Satisfecho', '30', '2020-12-04 11:02:57', '2020-12-04 11:02:57');
INSERT INTO `respuestas` VALUES ('787', 'Muy Satisfecho', '30', '2020-12-04 11:02:57', '2020-12-04 11:02:57');
INSERT INTO `respuestas` VALUES ('788', 'Muy Satisfecho', '30', '2020-12-04 11:02:57', '2020-12-04 11:02:57');
INSERT INTO `respuestas` VALUES ('789', 'Muy Satisfecho', '30', '2020-12-04 11:02:57', '2020-12-04 11:02:57');
INSERT INTO `respuestas` VALUES ('790', 'Muy Satisfecho', '30', '2020-12-04 11:02:57', '2020-12-04 11:02:57');
INSERT INTO `respuestas` VALUES ('791', 'Muy Satisfecho', '30', '2020-12-04 11:02:57', '2020-12-04 11:02:57');
INSERT INTO `respuestas` VALUES ('792', 'Muy Satisfecho', '30', '2020-12-04 11:02:57', '2020-12-04 11:02:57');
INSERT INTO `respuestas` VALUES ('793', 'Muy Satisfecho', '30', '2020-12-04 11:02:57', '2020-12-04 11:02:57');
INSERT INTO `respuestas` VALUES ('794', 'Muy Satisfecho', '30', '2020-12-04 11:02:57', '2020-12-04 11:02:57');
INSERT INTO `respuestas` VALUES ('795', 'Muy Satisfecho', '30', '2020-12-04 11:02:57', '2020-12-04 11:02:57');
INSERT INTO `respuestas` VALUES ('796', 'Muy Satisfecho', '30', '2020-12-04 11:02:57', '2020-12-04 11:02:57');
INSERT INTO `respuestas` VALUES ('797', 'Muy Satisfecho', '30', '2020-12-04 11:02:57', '2020-12-04 11:02:57');
INSERT INTO `respuestas` VALUES ('798', 'Muy Satisfecho', '30', '2020-12-04 11:02:57', '2020-12-04 11:02:57');
INSERT INTO `respuestas` VALUES ('799', 'Muy Satisfecho', '30', '2020-12-04 11:02:57', '2020-12-04 11:02:57');
INSERT INTO `respuestas` VALUES ('800', 'Muy Satisfecho', '30', '2020-12-04 11:02:57', '2020-12-04 11:02:57');
INSERT INTO `respuestas` VALUES ('801', 'Muy Satisfecho', '30', '2020-12-04 11:02:57', '2020-12-04 11:02:57');
INSERT INTO `respuestas` VALUES ('802', 'Muy Satisfecho', '30', '2020-12-04 11:02:57', '2020-12-04 11:02:57');
INSERT INTO `respuestas` VALUES ('803', 'Muy Satisfecho', '30', '2020-12-04 11:02:57', '2020-12-04 11:02:57');
INSERT INTO `respuestas` VALUES ('804', 'Muy Satisfecho', '30', '2020-12-04 11:02:57', '2020-12-04 11:02:57');
INSERT INTO `respuestas` VALUES ('805', 'Muy Satisfecho', '30', '2020-12-04 11:02:57', '2020-12-04 11:02:57');
INSERT INTO `respuestas` VALUES ('806', 'Muy Satisfecho', '137', '2020-12-04 11:02:57', '2020-12-04 11:02:57');
INSERT INTO `respuestas` VALUES ('807', 'Satisfecho', '137', '2020-12-04 11:02:57', '2020-12-04 11:02:57');
INSERT INTO `respuestas` VALUES ('808', 'Satisfecho', '137', '2020-12-04 11:02:57', '2020-12-04 11:02:57');
INSERT INTO `respuestas` VALUES ('809', 'Satisfecho', '137', '2020-12-04 11:02:57', '2020-12-04 11:02:57');
INSERT INTO `respuestas` VALUES ('810', 'Muy Satisfecho', '137', '2020-12-04 11:02:57', '2020-12-04 11:02:57');
INSERT INTO `respuestas` VALUES ('811', 'Muy Satisfecho', '137', '2020-12-04 11:02:57', '2020-12-04 11:02:57');
INSERT INTO `respuestas` VALUES ('812', 'Muy Satisfecho', '137', '2020-12-04 11:02:57', '2020-12-04 11:02:57');
INSERT INTO `respuestas` VALUES ('813', 'Muy Satisfecho', '137', '2020-12-04 11:02:57', '2020-12-04 11:02:57');
INSERT INTO `respuestas` VALUES ('814', 'Muy Satisfecho', '30', '2020-12-04 11:02:57', '2020-12-04 11:02:57');
INSERT INTO `respuestas` VALUES ('815', 'Muy Satisfecho', '137', '2020-12-04 11:02:57', '2020-12-04 11:02:57');
INSERT INTO `respuestas` VALUES ('816', 'Muy Satisfecho', '137', '2020-12-04 11:02:57', '2020-12-04 11:02:57');
INSERT INTO `respuestas` VALUES ('817', 'Muy Satisfecho', '137', '2020-12-04 11:02:57', '2020-12-04 11:02:57');
INSERT INTO `respuestas` VALUES ('818', 'Muy Satisfecho', '137', '2020-12-04 11:02:57', '2020-12-04 11:02:57');
INSERT INTO `respuestas` VALUES ('819', 'Muy Satisfecho', '137', '2020-12-04 11:02:57', '2020-12-04 11:02:57');
INSERT INTO `respuestas` VALUES ('820', 'Muy Satisfecho', '137', '2020-12-04 11:02:57', '2020-12-04 11:02:57');
INSERT INTO `respuestas` VALUES ('821', 'Muy Satisfecho', '137', '2020-12-04 11:02:57', '2020-12-04 11:02:57');
INSERT INTO `respuestas` VALUES ('822', 'Muy Satisfecho', '30', '2020-12-04 11:02:57', '2020-12-04 11:02:57');
INSERT INTO `respuestas` VALUES ('823', 'Muy Satisfecho', '30', '2020-12-04 11:02:57', '2020-12-04 11:02:57');
INSERT INTO `respuestas` VALUES ('824', 'Muy Satisfecho', '30', '2020-12-04 11:02:57', '2020-12-04 11:02:57');
INSERT INTO `respuestas` VALUES ('825', 'Muy Satisfecho', '137', '2020-12-04 11:02:57', '2020-12-04 11:02:57');
INSERT INTO `respuestas` VALUES ('826', 'Muy Satisfecho', '137', '2020-12-04 11:02:57', '2020-12-04 11:02:57');
INSERT INTO `respuestas` VALUES ('827', 'Muy Satisfecho', '137', '2020-12-04 11:02:57', '2020-12-04 11:02:57');
INSERT INTO `respuestas` VALUES ('828', 'Muy Satisfecho', '137', '2020-12-04 11:02:57', '2020-12-04 11:02:57');
INSERT INTO `respuestas` VALUES ('829', 'Muy Satisfecho', '137', '2020-12-04 11:02:57', '2020-12-04 11:02:57');
INSERT INTO `respuestas` VALUES ('830', 'Muy Satisfecho', '30', '2020-12-04 11:02:57', '2020-12-04 11:02:57');
INSERT INTO `respuestas` VALUES ('831', 'Muy Satisfecho', '30', '2020-12-04 11:02:57', '2020-12-04 11:02:57');
INSERT INTO `respuestas` VALUES ('832', 'Muy Satisfecho', '137', '2020-12-04 11:02:57', '2020-12-04 11:02:57');
INSERT INTO `respuestas` VALUES ('833', 'Muy Satisfecho', '137', '2020-12-04 11:02:57', '2020-12-04 11:02:57');
INSERT INTO `respuestas` VALUES ('834', 'Muy Satisfecho', '137', '2020-12-04 11:02:57', '2020-12-04 11:02:57');
INSERT INTO `respuestas` VALUES ('835', 'Muy Satisfecho', '30', '2020-12-04 11:02:57', '2020-12-04 11:02:57');
INSERT INTO `respuestas` VALUES ('836', 'Muy Satisfecho', '30', '2020-12-04 11:02:57', '2020-12-04 11:02:57');
INSERT INTO `respuestas` VALUES ('837', 'Muy Satisfecho', '137', '2020-12-04 11:02:57', '2020-12-04 11:02:57');
INSERT INTO `respuestas` VALUES ('838', 'Muy Satisfecho', '30', '2020-12-04 11:02:57', '2020-12-04 11:02:57');
INSERT INTO `respuestas` VALUES ('839', 'Muy Satisfecho', '30', '2020-12-04 11:02:57', '2020-12-04 11:02:57');
INSERT INTO `respuestas` VALUES ('840', 'Muy Satisfecho', '30', '2020-12-04 11:02:57', '2020-12-04 11:02:57');
INSERT INTO `respuestas` VALUES ('841', 'Muy Satisfecho', '30', '2020-12-04 11:02:57', '2020-12-04 11:02:57');
INSERT INTO `respuestas` VALUES ('842', 'Muy Satisfecho', '30', '2020-12-04 11:02:57', '2020-12-04 11:02:57');
INSERT INTO `respuestas` VALUES ('843', 'Muy Satisfecho', '30', '2020-12-04 11:02:57', '2020-12-04 11:02:57');
INSERT INTO `respuestas` VALUES ('844', 'Muy Satisfecho', '30', '2020-12-04 11:02:57', '2020-12-04 11:02:57');
INSERT INTO `respuestas` VALUES ('845', 'Muy Satisfecho', '30', '2020-12-04 11:02:57', '2020-12-04 11:02:57');
INSERT INTO `respuestas` VALUES ('846', 'Muy Satisfecho', '30', '2020-12-04 11:02:57', '2020-12-04 11:02:57');
INSERT INTO `respuestas` VALUES ('847', 'Muy Satisfecho', '30', '2020-12-04 11:02:57', '2020-12-04 11:02:57');
INSERT INTO `respuestas` VALUES ('848', 'Muy Satisfecho', '137', '2020-12-04 11:02:57', '2020-12-04 11:02:57');
INSERT INTO `respuestas` VALUES ('849', 'Muy Satisfecho', '137', '2020-12-04 11:02:57', '2020-12-04 11:02:57');
INSERT INTO `respuestas` VALUES ('850', 'Muy Satisfecho', '137', '2020-12-04 11:02:57', '2020-12-04 11:02:57');
INSERT INTO `respuestas` VALUES ('851', 'Muy Satisfecho', '137', '2020-12-04 11:02:57', '2020-12-04 11:02:57');
INSERT INTO `respuestas` VALUES ('852', 'Muy Satisfecho', '137', '2020-12-04 11:02:57', '2020-12-04 11:02:57');
INSERT INTO `respuestas` VALUES ('853', 'Muy Satisfecho', '137', '2020-12-04 11:02:57', '2020-12-04 11:02:57');
INSERT INTO `respuestas` VALUES ('854', 'Muy Satisfecho', '137', '2020-12-04 11:02:57', '2020-12-04 11:02:57');
INSERT INTO `respuestas` VALUES ('855', 'Muy Satisfecho', '30', '2020-12-04 11:02:57', '2020-12-04 11:02:57');
INSERT INTO `respuestas` VALUES ('856', 'Muy Satisfecho', '30', '2020-12-04 11:02:57', '2020-12-04 11:02:57');
INSERT INTO `respuestas` VALUES ('857', 'Muy Satisfecho', '30', '2020-12-04 11:02:57', '2020-12-04 11:02:57');
INSERT INTO `respuestas` VALUES ('858', 'Muy Satisfecho', '30', '2020-12-04 11:02:57', '2020-12-04 11:02:57');
INSERT INTO `respuestas` VALUES ('859', 'Muy Satisfecho', '30', '2020-12-04 11:02:57', '2020-12-04 11:02:57');
INSERT INTO `respuestas` VALUES ('860', 'Muy Satisfecho', '30', '2020-12-04 11:02:57', '2020-12-04 11:02:57');
INSERT INTO `respuestas` VALUES ('861', 'Muy Satisfecho', '30', '2020-12-04 11:02:57', '2020-12-04 11:02:57');
INSERT INTO `respuestas` VALUES ('862', 'Muy Satisfecho', '30', '2020-12-04 11:02:57', '2020-12-04 11:02:57');
INSERT INTO `respuestas` VALUES ('863', 'Muy Satisfecho', '30', '2020-12-04 11:02:57', '2020-12-04 11:02:57');
INSERT INTO `respuestas` VALUES ('864', 'Muy Satisfecho', '30', '2020-12-04 11:02:57', '2020-12-04 11:02:57');
INSERT INTO `respuestas` VALUES ('865', 'Muy Satisfecho', '30', '2020-12-04 11:02:57', '2020-12-04 11:02:57');
INSERT INTO `respuestas` VALUES ('866', 'Muy Satisfecho', '30', '2020-12-04 11:02:57', '2020-12-04 11:02:57');
INSERT INTO `respuestas` VALUES ('867', 'Muy Satisfecho', '30', '2020-12-04 11:02:57', '2020-12-04 11:02:57');
INSERT INTO `respuestas` VALUES ('868', 'Muy Satisfecho', '30', '2020-12-04 11:02:57', '2020-12-04 11:02:57');
INSERT INTO `respuestas` VALUES ('869', 'Muy Satisfecho', '137', '2020-12-04 11:02:57', '2020-12-04 11:02:57');
INSERT INTO `respuestas` VALUES ('870', 'Muy Satisfecho', '30', '2020-12-04 11:02:57', '2020-12-04 11:02:57');
INSERT INTO `respuestas` VALUES ('871', 'Muy Satisfecho', '30', '2020-12-04 11:02:57', '2020-12-04 11:02:57');
INSERT INTO `respuestas` VALUES ('872', 'Muy Satisfecho', '30', '2020-12-04 11:02:57', '2020-12-04 11:02:57');
INSERT INTO `respuestas` VALUES ('873', 'Muy Satisfecho', '30', '2020-12-04 11:02:57', '2020-12-04 11:02:57');
INSERT INTO `respuestas` VALUES ('874', 'Muy Satisfecho', '30', '2020-12-04 11:02:57', '2020-12-04 11:02:57');
INSERT INTO `respuestas` VALUES ('875', 'Muy Satisfecho', '137', '2020-12-04 11:02:57', '2020-12-04 11:02:57');
INSERT INTO `respuestas` VALUES ('876', 'Muy Satisfecho', '137', '2020-12-04 11:02:57', '2020-12-04 11:02:57');
INSERT INTO `respuestas` VALUES ('877', 'Muy Satisfecho', '30', '2020-12-04 11:02:57', '2020-12-04 11:02:57');
INSERT INTO `respuestas` VALUES ('878', 'Muy Satisfecho', '30', '2020-12-04 11:02:57', '2020-12-04 11:02:57');
INSERT INTO `respuestas` VALUES ('879', 'Muy Satisfecho', '30', '2020-12-04 11:02:57', '2020-12-04 11:02:57');
INSERT INTO `respuestas` VALUES ('880', 'Muy Satisfecho', '30', '2020-12-04 11:02:57', '2020-12-04 11:02:57');
INSERT INTO `respuestas` VALUES ('881', 'Muy Satisfecho', '30', '2020-12-04 11:02:57', '2020-12-04 11:02:57');
INSERT INTO `respuestas` VALUES ('882', 'Muy Satisfecho', '30', '2020-12-04 11:02:57', '2020-12-04 11:02:57');
INSERT INTO `respuestas` VALUES ('883', 'Muy Satisfecho', '137', '2020-12-04 11:02:57', '2020-12-04 11:02:57');
INSERT INTO `respuestas` VALUES ('884', 'Muy Satisfecho', '30', '2020-12-04 11:02:57', '2020-12-04 11:02:57');
INSERT INTO `respuestas` VALUES ('885', 'Satisfecho', '30', '2020-12-04 11:02:57', '2020-12-04 11:02:57');
INSERT INTO `respuestas` VALUES ('886', 'Satisfecho', '30', '2020-12-04 11:02:57', '2020-12-04 11:02:57');
INSERT INTO `respuestas` VALUES ('887', 'Muy Satisfecho', '30', '2020-12-04 11:02:57', '2020-12-04 11:02:57');
INSERT INTO `respuestas` VALUES ('888', 'Muy Satisfecho', '137', '2020-12-04 11:02:57', '2020-12-04 11:02:57');
INSERT INTO `respuestas` VALUES ('889', 'Muy Satisfecho', '137', '2020-12-04 11:02:57', '2020-12-04 11:02:57');
INSERT INTO `respuestas` VALUES ('890', 'Muy Satisfecho', '137', '2020-12-04 11:02:57', '2020-12-04 11:02:57');
INSERT INTO `respuestas` VALUES ('891', 'Muy Satisfecho', '137', '2020-12-04 11:02:57', '2020-12-04 11:02:57');
INSERT INTO `respuestas` VALUES ('892', 'Muy Satisfecho', '30', '2020-12-04 11:02:57', '2020-12-04 11:02:57');
INSERT INTO `respuestas` VALUES ('893', 'Muy Satisfecho', '30', '2020-12-04 11:02:57', '2020-12-04 11:02:57');
INSERT INTO `respuestas` VALUES ('894', 'Muy Satisfecho', '30', '2020-12-04 11:02:57', '2020-12-04 11:02:57');
INSERT INTO `respuestas` VALUES ('895', 'Muy Satisfecho', '137', '2020-12-04 11:02:57', '2020-12-04 11:02:57');
INSERT INTO `respuestas` VALUES ('896', 'Muy Satisfecho', '137', '2020-12-04 11:02:57', '2020-12-04 11:02:57');
INSERT INTO `respuestas` VALUES ('897', 'Satisfecho', '137', '2020-12-04 11:02:57', '2020-12-04 11:02:57');
INSERT INTO `respuestas` VALUES ('898', 'Satisfecho', '137', '2020-12-04 11:02:57', '2020-12-04 11:02:57');
INSERT INTO `respuestas` VALUES ('899', 'Satisfecho', '137', '2020-12-04 11:02:57', '2020-12-04 11:02:57');
INSERT INTO `respuestas` VALUES ('900', 'Satisfecho', '137', '2020-12-04 11:02:57', '2020-12-04 11:02:57');
INSERT INTO `respuestas` VALUES ('901', 'Muy Satisfecho', '137', '2020-12-04 11:02:57', '2020-12-04 11:02:57');
INSERT INTO `respuestas` VALUES ('902', 'Muy Satisfecho', '30', '2020-12-04 11:02:57', '2020-12-04 11:02:57');
INSERT INTO `respuestas` VALUES ('903', 'Muy Satisfecho', '30', '2020-12-04 11:02:57', '2020-12-04 11:02:57');
INSERT INTO `respuestas` VALUES ('904', 'Muy Satisfecho', '30', '2020-12-04 11:02:57', '2020-12-04 11:02:57');
INSERT INTO `respuestas` VALUES ('905', 'Muy Satisfecho', '30', '2020-12-04 11:02:57', '2020-12-04 11:02:57');
INSERT INTO `respuestas` VALUES ('906', 'Muy Satisfecho', '137', '2020-12-04 11:02:57', '2020-12-04 11:02:57');
INSERT INTO `respuestas` VALUES ('907', 'Muy Satisfecho', '30', '2020-12-04 11:02:57', '2020-12-04 11:02:57');
INSERT INTO `respuestas` VALUES ('908', null, '30', '2020-12-04 11:02:57', '2020-12-04 11:02:57');
INSERT INTO `respuestas` VALUES ('909', 'Muy Satisfecho', '137', '2020-12-04 11:02:57', '2020-12-04 11:02:57');
INSERT INTO `respuestas` VALUES ('910', 'Muy Satisfecho', '30', '2020-12-04 11:02:57', '2020-12-04 11:02:57');
INSERT INTO `respuestas` VALUES ('911', 'Muy Satisfecho', '137', '2020-12-04 11:02:57', '2020-12-04 11:02:57');
INSERT INTO `respuestas` VALUES ('912', 'Muy Satisfecho', '30', '2020-12-04 11:02:57', '2020-12-04 11:02:57');
INSERT INTO `respuestas` VALUES ('913', 'Muy Satisfecho', '30', '2020-12-04 11:02:57', '2020-12-04 11:02:57');
INSERT INTO `respuestas` VALUES ('914', 'Muy Satisfecho', '30', '2020-12-04 11:02:57', '2020-12-04 11:02:57');
INSERT INTO `respuestas` VALUES ('915', 'Muy Satisfecho', '30', '2020-12-04 11:02:57', '2020-12-04 11:02:57');
INSERT INTO `respuestas` VALUES ('916', 'Muy Satisfecho', '137', '2020-12-04 11:02:57', '2020-12-04 11:02:57');
INSERT INTO `respuestas` VALUES ('917', 'Muy Satisfecho', '30', '2020-12-04 11:02:57', '2020-12-04 11:02:57');
INSERT INTO `respuestas` VALUES ('918', 'Muy Satisfecho', '30', '2020-12-04 11:02:57', '2020-12-04 11:02:57');
INSERT INTO `respuestas` VALUES ('919', 'Muy Satisfecho', '30', '2020-12-04 11:02:57', '2020-12-04 11:02:57');
INSERT INTO `respuestas` VALUES ('920', 'Muy Satisfecho', '30', '2020-12-04 11:02:57', '2020-12-04 11:02:57');
INSERT INTO `respuestas` VALUES ('921', 'Muy Satisfecho', '137', '2020-12-04 11:02:57', '2020-12-04 11:02:57');
INSERT INTO `respuestas` VALUES ('922', 'Muy Satisfecho', '30', '2020-12-04 11:02:57', '2020-12-04 11:02:57');
INSERT INTO `respuestas` VALUES ('923', 'Muy Satisfecho', '137', '2020-12-04 11:02:57', '2020-12-04 11:02:57');
INSERT INTO `respuestas` VALUES ('924', 'Muy Satisfecho', '137', '2020-12-04 11:02:57', '2020-12-04 11:02:57');
INSERT INTO `respuestas` VALUES ('925', 'Muy Satisfecho', '30', '2020-12-04 11:02:57', '2020-12-04 11:02:57');
INSERT INTO `respuestas` VALUES ('926', 'Muy Satisfecho', '30', '2020-12-04 11:02:57', '2020-12-04 11:02:57');
INSERT INTO `respuestas` VALUES ('927', 'Muy Satisfecho', '30', '2020-12-04 11:02:57', '2020-12-04 11:02:57');
INSERT INTO `respuestas` VALUES ('928', 'Muy Satisfecho', '30', '2020-12-04 11:02:57', '2020-12-04 11:02:57');
INSERT INTO `respuestas` VALUES ('929', 'Muy Satisfecho', '30', '2020-12-04 11:02:57', '2020-12-04 11:02:57');
INSERT INTO `respuestas` VALUES ('930', 'Muy Satisfecho', '30', '2020-12-04 11:02:57', '2020-12-04 11:02:57');
INSERT INTO `respuestas` VALUES ('931', 'Muy Satisfecho', '30', '2020-12-04 11:02:57', '2020-12-04 11:02:57');
INSERT INTO `respuestas` VALUES ('932', 'Muy Satisfecho', '30', '2020-12-04 11:02:57', '2020-12-04 11:02:57');
INSERT INTO `respuestas` VALUES ('933', 'Muy Satisfecho', '30', '2020-12-04 11:02:57', '2020-12-04 11:02:57');
INSERT INTO `respuestas` VALUES ('934', 'Muy Satisfecho', '30', '2020-12-04 11:02:57', '2020-12-04 11:02:57');
INSERT INTO `respuestas` VALUES ('935', 'Muy Satisfecho', '30', '2020-12-04 11:02:57', '2020-12-04 11:02:57');
INSERT INTO `respuestas` VALUES ('936', 'Muy Satisfecho', '30', '2020-12-04 11:02:57', '2020-12-04 11:02:57');
INSERT INTO `respuestas` VALUES ('937', 'Muy Satisfecho', '30', '2020-12-04 11:02:57', '2020-12-04 11:02:57');
INSERT INTO `respuestas` VALUES ('938', 'Muy Satisfecho', '30', '2020-12-04 11:02:57', '2020-12-04 11:02:57');
INSERT INTO `respuestas` VALUES ('939', 'Muy Satisfecho', '30', '2020-12-04 11:02:57', '2020-12-04 11:02:57');
INSERT INTO `respuestas` VALUES ('940', 'Muy Satisfecho', '30', '2020-12-04 11:02:57', '2020-12-04 11:02:57');
INSERT INTO `respuestas` VALUES ('941', 'Muy Satisfecho', '137', '2020-12-04 11:02:57', '2020-12-04 11:02:57');
INSERT INTO `respuestas` VALUES ('942', 'Muy Satisfecho', '137', '2020-12-04 11:02:57', '2020-12-04 11:02:57');
INSERT INTO `respuestas` VALUES ('943', 'Muy Satisfecho', '137', '2020-12-04 11:02:57', '2020-12-04 11:02:57');
INSERT INTO `respuestas` VALUES ('944', 'Muy Satisfecho', '137', '2020-12-04 11:02:57', '2020-12-04 11:02:57');
INSERT INTO `respuestas` VALUES ('945', 'Muy Satisfecho', '137', '2020-12-04 11:02:57', '2020-12-04 11:02:57');
INSERT INTO `respuestas` VALUES ('946', 'Muy Satisfecho', '30', '2020-12-04 11:02:57', '2020-12-04 11:02:57');
INSERT INTO `respuestas` VALUES ('947', 'Muy Satisfecho', '137', '2020-12-04 11:02:57', '2020-12-04 11:02:57');
INSERT INTO `respuestas` VALUES ('948', 'Muy Satisfecho', '137', '2020-12-04 11:02:57', '2020-12-04 11:02:57');
INSERT INTO `respuestas` VALUES ('949', 'Muy Satisfecho', '30', '2020-12-04 11:02:57', '2020-12-04 11:02:57');
INSERT INTO `respuestas` VALUES ('950', 'Muy Satisfecho', '30', '2020-12-04 11:02:57', '2020-12-04 11:02:57');
INSERT INTO `respuestas` VALUES ('951', 'Muy Satisfecho', '30', '2020-12-04 11:02:57', '2020-12-04 11:02:57');
INSERT INTO `respuestas` VALUES ('952', 'Muy Satisfecho', '30', '2020-12-04 11:02:57', '2020-12-04 11:02:57');
INSERT INTO `respuestas` VALUES ('953', 'Muy Satisfecho', '30', '2020-12-04 11:02:57', '2020-12-04 11:02:57');
INSERT INTO `respuestas` VALUES ('954', 'Muy Satisfecho', '30', '2020-12-04 11:02:57', '2020-12-04 11:02:57');
INSERT INTO `respuestas` VALUES ('955', 'Muy Satisfecho', '30', '2020-12-04 11:02:57', '2020-12-04 11:02:57');
INSERT INTO `respuestas` VALUES ('956', 'Muy Satisfecho', '30', '2020-12-04 11:02:57', '2020-12-04 11:02:57');
INSERT INTO `respuestas` VALUES ('957', 'Muy Satisfecho', '30', '2020-12-04 11:02:57', '2020-12-04 11:02:57');
INSERT INTO `respuestas` VALUES ('958', 'Muy Satisfecho', '30', '2020-12-04 11:02:57', '2020-12-04 11:02:57');
INSERT INTO `respuestas` VALUES ('959', 'Muy Satisfecho', '30', '2020-12-04 11:02:57', '2020-12-04 11:02:57');
INSERT INTO `respuestas` VALUES ('960', 'Muy Satisfecho', '30', '2020-12-04 11:02:57', '2020-12-04 11:02:57');
INSERT INTO `respuestas` VALUES ('961', 'Muy Satisfecho', '30', '2020-12-04 11:02:57', '2020-12-04 11:02:57');
INSERT INTO `respuestas` VALUES ('962', 'Muy Satisfecho', '30', '2020-12-04 11:02:57', '2020-12-04 11:02:57');
INSERT INTO `respuestas` VALUES ('963', 'Muy Satisfecho', '137', '2020-12-04 11:02:57', '2020-12-04 11:02:57');
INSERT INTO `respuestas` VALUES ('964', 'Muy Satisfecho', '137', '2020-12-04 11:02:57', '2020-12-04 11:02:57');
INSERT INTO `respuestas` VALUES ('965', 'Muy Satisfecho', '137', '2020-12-04 11:02:57', '2020-12-04 11:02:57');
INSERT INTO `respuestas` VALUES ('966', 'Muy Satisfecho', '137', '2020-12-04 11:02:57', '2020-12-04 11:02:57');
INSERT INTO `respuestas` VALUES ('967', 'Muy Satisfecho', '137', '2020-12-04 11:02:57', '2020-12-04 11:02:57');
INSERT INTO `respuestas` VALUES ('968', 'Muy Satisfecho', '137', '2020-12-04 11:02:57', '2020-12-04 11:02:57');
INSERT INTO `respuestas` VALUES ('969', 'Muy Satisfecho', '137', '2020-12-04 11:02:57', '2020-12-04 11:02:57');
INSERT INTO `respuestas` VALUES ('970', 'Muy Satisfecho', '137', '2020-12-04 11:02:57', '2020-12-04 11:02:57');
INSERT INTO `respuestas` VALUES ('971', 'Muy Satisfecho', '137', '2020-12-04 11:02:57', '2020-12-04 11:02:57');
INSERT INTO `respuestas` VALUES ('972', 'Muy Satisfecho', '137', '2020-12-04 11:02:57', '2020-12-04 11:02:57');
INSERT INTO `respuestas` VALUES ('973', 'Muy Satisfecho', '137', '2020-12-04 11:02:57', '2020-12-04 11:02:57');
INSERT INTO `respuestas` VALUES ('974', 'Muy Satisfecho', '137', '2020-12-04 11:02:57', '2020-12-04 11:02:57');
INSERT INTO `respuestas` VALUES ('975', 'Muy Satisfecho', '137', '2020-12-04 11:02:57', '2020-12-04 11:02:57');
INSERT INTO `respuestas` VALUES ('976', 'Muy Satisfecho', '30', '2020-12-04 11:02:57', '2020-12-04 11:02:57');
INSERT INTO `respuestas` VALUES ('977', 'Muy Satisfecho', '30', '2020-12-04 11:02:57', '2020-12-04 11:02:57');
INSERT INTO `respuestas` VALUES ('978', 'Muy Satisfecho', '137', '2020-12-04 11:02:57', '2020-12-04 11:02:57');
INSERT INTO `respuestas` VALUES ('979', 'Muy Satisfecho', '137', '2020-12-04 11:02:57', '2020-12-04 11:02:57');
INSERT INTO `respuestas` VALUES ('980', 'Muy Satisfecho', '137', '2020-12-04 11:02:57', '2020-12-04 11:02:57');
INSERT INTO `respuestas` VALUES ('981', 'Muy Satisfecho', '30', '2020-12-04 11:02:57', '2020-12-04 11:02:57');
INSERT INTO `respuestas` VALUES ('982', 'Muy Satisfecho', '137', '2020-12-04 11:02:57', '2020-12-04 11:02:57');
INSERT INTO `respuestas` VALUES ('983', 'Muy Satisfecho', '137', '2020-12-04 11:02:57', '2020-12-04 11:02:57');
INSERT INTO `respuestas` VALUES ('984', 'Muy Satisfecho', '30', '2020-12-04 11:02:57', '2020-12-04 11:02:57');
INSERT INTO `respuestas` VALUES ('985', 'Muy Satisfecho', '137', '2020-12-04 11:02:57', '2020-12-04 11:02:57');
INSERT INTO `respuestas` VALUES ('986', 'Muy Satisfecho', '137', '2020-12-04 11:02:57', '2020-12-04 11:02:57');
INSERT INTO `respuestas` VALUES ('987', 'Muy Satisfecho', '137', '2020-12-04 11:02:57', '2020-12-04 11:02:57');
INSERT INTO `respuestas` VALUES ('988', 'Muy Satisfecho', '136', '2020-12-04 11:02:57', '2020-12-04 11:02:57');
INSERT INTO `respuestas` VALUES ('989', 'Muy Satisfecho', '30', '2020-12-04 11:02:57', '2020-12-04 11:02:57');
INSERT INTO `respuestas` VALUES ('990', 'Muy Satisfecho', '30', '2020-12-04 11:02:57', '2020-12-04 11:02:57');
INSERT INTO `respuestas` VALUES ('991', 'Muy Satisfecho', '137', '2020-12-04 11:02:57', '2020-12-04 11:02:57');
INSERT INTO `respuestas` VALUES ('992', 'Muy Satisfecho', '137', '2020-12-04 11:02:57', '2020-12-04 11:02:57');
INSERT INTO `respuestas` VALUES ('993', 'Muy Satisfecho', '137', '2020-12-04 11:02:57', '2020-12-04 11:02:57');
INSERT INTO `respuestas` VALUES ('994', 'Muy Satisfecho', '137', '2020-12-04 11:02:57', '2020-12-04 11:02:57');
INSERT INTO `respuestas` VALUES ('995', 'Muy Satisfecho', '137', '2020-12-04 11:02:57', '2020-12-04 11:02:57');
INSERT INTO `respuestas` VALUES ('996', 'Muy Satisfecho', '137', '2020-12-04 11:02:57', '2020-12-04 11:02:57');
INSERT INTO `respuestas` VALUES ('997', 'Muy Satisfecho', '137', '2020-12-04 11:02:57', '2020-12-04 11:02:57');
INSERT INTO `respuestas` VALUES ('998', 'Muy Satisfecho', '137', '2020-12-04 11:02:57', '2020-12-04 11:02:57');
INSERT INTO `respuestas` VALUES ('999', 'Muy Satisfecho', '137', '2020-12-04 11:02:57', '2020-12-04 11:02:57');
INSERT INTO `respuestas` VALUES ('1000', 'Muy Satisfecho', '137', '2020-12-04 11:02:57', '2020-12-04 11:02:57');
INSERT INTO `respuestas` VALUES ('1001', 'Satisfecho', '137', '2020-12-04 11:02:57', '2020-12-04 11:02:57');
INSERT INTO `respuestas` VALUES ('1002', 'Muy Satisfecho', '137', '2020-12-04 11:02:57', '2020-12-04 11:02:57');
INSERT INTO `respuestas` VALUES ('1003', 'Muy Satisfecho', '137', '2020-12-04 11:02:57', '2020-12-04 11:02:57');
INSERT INTO `respuestas` VALUES ('1004', 'Muy Satisfecho', '137', '2020-12-04 11:02:57', '2020-12-04 11:02:57');
INSERT INTO `respuestas` VALUES ('1005', 'Satisfecho', '137', '2020-12-04 11:02:57', '2020-12-04 11:02:57');
INSERT INTO `respuestas` VALUES ('1006', 'Muy Satisfecho', '137', '2020-12-04 11:02:57', '2020-12-04 11:02:57');
INSERT INTO `respuestas` VALUES ('1007', 'Muy Satisfecho', '137', '2020-12-04 11:02:57', '2020-12-04 11:02:57');
INSERT INTO `respuestas` VALUES ('1008', 'Muy Satisfecho', '137', '2020-12-04 11:02:57', '2020-12-04 11:02:57');
INSERT INTO `respuestas` VALUES ('1009', 'Muy Satisfecho', '137', '2020-12-04 11:02:57', '2020-12-04 11:02:57');
INSERT INTO `respuestas` VALUES ('1010', 'Muy Satisfecho', '137', '2020-12-04 11:02:57', '2020-12-04 11:02:57');
INSERT INTO `respuestas` VALUES ('1011', 'Muy Satisfecho', '30', '2020-12-04 11:02:57', '2020-12-04 11:02:57');
INSERT INTO `respuestas` VALUES ('1012', 'Muy Satisfecho', '137', '2020-12-04 11:02:57', '2020-12-04 11:02:57');
INSERT INTO `respuestas` VALUES ('1013', 'Muy Satisfecho', '137', '2020-12-04 11:02:57', '2020-12-04 11:02:57');
INSERT INTO `respuestas` VALUES ('1014', 'Muy Satisfecho', '30', '2020-12-04 11:02:57', '2020-12-04 11:02:57');
INSERT INTO `respuestas` VALUES ('1015', 'Muy Satisfecho', '30', '2020-12-04 11:02:57', '2020-12-04 11:02:57');
INSERT INTO `respuestas` VALUES ('1016', 'Muy Satisfecho', '137', '2020-12-04 11:02:57', '2020-12-04 11:02:57');
INSERT INTO `respuestas` VALUES ('1017', 'Muy Satisfecho', '137', '2020-12-04 11:02:57', '2020-12-04 11:02:57');
INSERT INTO `respuestas` VALUES ('1018', 'Muy Satisfecho', '137', '2020-12-04 11:02:57', '2020-12-04 11:02:57');
INSERT INTO `respuestas` VALUES ('1019', 'Muy Satisfecho', '137', '2020-12-04 11:02:57', '2020-12-04 11:02:57');
INSERT INTO `respuestas` VALUES ('1020', 'Muy Satisfecho', '137', '2020-12-04 11:02:57', '2020-12-04 11:02:57');
INSERT INTO `respuestas` VALUES ('1021', 'Muy Satisfecho', '137', '2020-12-04 11:02:57', '2020-12-04 11:02:57');
INSERT INTO `respuestas` VALUES ('1022', 'Muy Satisfecho', '137', '2020-12-04 11:02:57', '2020-12-04 11:02:57');
INSERT INTO `respuestas` VALUES ('1023', 'Muy Satisfecho', '137', '2020-12-04 11:02:57', '2020-12-04 11:02:57');
INSERT INTO `respuestas` VALUES ('1024', 'Satisfecho', '137', '2020-12-04 11:02:57', '2020-12-04 11:02:57');
INSERT INTO `respuestas` VALUES ('1025', 'Insatisfecho', '137', '2020-12-04 11:02:57', '2020-12-04 11:02:57');
INSERT INTO `respuestas` VALUES ('1026', 'Muy Satisfecho', '137', '2020-12-04 11:02:57', '2020-12-04 11:02:57');
INSERT INTO `respuestas` VALUES ('1027', 'Muy Satisfecho', '137', '2020-12-04 11:02:57', '2020-12-04 11:02:57');
INSERT INTO `respuestas` VALUES ('1028', 'Muy Satisfecho', '137', '2020-12-04 11:02:57', '2020-12-04 11:02:57');
INSERT INTO `respuestas` VALUES ('1029', 'Muy Satisfecho', '137', '2020-12-04 11:02:57', '2020-12-04 11:02:57');
INSERT INTO `respuestas` VALUES ('1030', 'Muy Satisfecho', '137', '2020-12-04 11:02:57', '2020-12-04 11:02:57');
INSERT INTO `respuestas` VALUES ('1031', 'Muy Satisfecho', '137', '2020-12-04 11:02:57', '2020-12-04 11:02:57');
INSERT INTO `respuestas` VALUES ('1032', 'Muy Satisfecho', '137', '2020-12-04 11:02:57', '2020-12-04 11:02:57');
INSERT INTO `respuestas` VALUES ('1033', 'Muy Satisfecho', '137', '2020-12-04 11:02:57', '2020-12-04 11:02:57');
INSERT INTO `respuestas` VALUES ('1034', 'Muy Satisfecho', '30', '2020-12-04 11:02:57', '2020-12-04 11:02:57');
INSERT INTO `respuestas` VALUES ('1035', 'Muy Satisfecho', '30', '2020-12-04 11:02:57', '2020-12-04 11:02:57');
INSERT INTO `respuestas` VALUES ('1036', 'Muy Satisfecho', '137', '2020-12-04 11:02:57', '2020-12-04 11:02:57');
INSERT INTO `respuestas` VALUES ('1037', 'Muy Satisfecho', '137', '2020-12-04 11:02:57', '2020-12-04 11:02:57');
INSERT INTO `respuestas` VALUES ('1038', 'Muy Satisfecho', '30', '2020-12-04 11:02:57', '2020-12-04 11:02:57');
INSERT INTO `respuestas` VALUES ('1039', 'Muy Satisfecho', '30', '2020-12-04 11:02:57', '2020-12-04 11:02:57');
INSERT INTO `respuestas` VALUES ('1040', 'Muy Satisfecho', '30', '2020-12-04 11:02:57', '2020-12-04 11:02:57');
INSERT INTO `respuestas` VALUES ('1041', 'Muy Satisfecho', '30', '2020-12-04 11:02:57', '2020-12-04 11:02:57');
INSERT INTO `respuestas` VALUES ('1042', 'Muy Satisfecho', '30', '2020-12-04 11:02:57', '2020-12-04 11:02:57');
INSERT INTO `respuestas` VALUES ('1043', 'Muy Satisfecho', '138', '2020-12-04 11:02:57', '2020-12-04 11:02:57');
INSERT INTO `respuestas` VALUES ('1044', 'Muy Satisfecho', '30', '2020-12-04 11:02:57', '2020-12-04 11:02:57');
INSERT INTO `respuestas` VALUES ('1045', 'Muy Satisfecho', '138', '2020-12-04 11:02:57', '2020-12-04 11:02:57');
INSERT INTO `respuestas` VALUES ('1046', 'Muy Satisfecho', '138', '2020-12-04 11:02:57', '2020-12-04 11:02:57');
INSERT INTO `respuestas` VALUES ('1047', 'Satisfecho', '138', '2020-12-04 11:02:57', '2020-12-04 11:02:57');
INSERT INTO `respuestas` VALUES ('1048', 'Muy Satisfecho', '137', '2020-12-04 11:02:57', '2020-12-04 11:02:57');
INSERT INTO `respuestas` VALUES ('1049', 'Muy Satisfecho', '137', '2020-12-04 11:02:57', '2020-12-04 11:02:57');
INSERT INTO `respuestas` VALUES ('1050', 'Muy Satisfecho', '137', '2020-12-04 11:02:57', '2020-12-04 11:02:57');
INSERT INTO `respuestas` VALUES ('1051', 'Muy Satisfecho', '30', '2020-12-04 11:02:57', '2020-12-04 11:02:57');
INSERT INTO `respuestas` VALUES ('1052', 'Muy Satisfecho', '30', '2020-12-04 11:02:57', '2020-12-04 11:02:57');
INSERT INTO `respuestas` VALUES ('1053', 'Muy Satisfecho', '30', '2020-12-04 11:02:57', '2020-12-04 11:02:57');
INSERT INTO `respuestas` VALUES ('1054', 'Muy Satisfecho', '137', '2020-12-04 11:02:57', '2020-12-04 11:02:57');
INSERT INTO `respuestas` VALUES ('1055', 'Muy Satisfecho', '137', '2020-12-04 11:02:57', '2020-12-04 11:02:57');
INSERT INTO `respuestas` VALUES ('1056', 'Muy Satisfecho', '30', '2020-12-04 11:02:57', '2020-12-04 11:02:57');
INSERT INTO `respuestas` VALUES ('1057', 'Muy Satisfecho', '30', '2020-12-04 11:02:57', '2020-12-04 11:02:57');
INSERT INTO `respuestas` VALUES ('1058', 'Muy Satisfecho', '30', '2020-12-04 11:02:57', '2020-12-04 11:02:57');
INSERT INTO `respuestas` VALUES ('1059', 'Muy Satisfecho', '137', '2020-12-04 11:02:57', '2020-12-04 11:02:57');
INSERT INTO `respuestas` VALUES ('1060', 'Muy Satisfecho', '137', '2020-12-04 11:02:57', '2020-12-04 11:02:57');
INSERT INTO `respuestas` VALUES ('1061', 'Muy Satisfecho', '137', '2020-12-04 11:02:57', '2020-12-04 11:02:57');
INSERT INTO `respuestas` VALUES ('1062', 'Muy Satisfecho', '137', '2020-12-04 11:02:57', '2020-12-04 11:02:57');
INSERT INTO `respuestas` VALUES ('1063', 'Muy Satisfecho', '137', '2020-12-04 11:02:57', '2020-12-04 11:02:57');
INSERT INTO `respuestas` VALUES ('1064', 'Muy Satisfecho', '138', '2020-12-04 11:02:57', '2020-12-04 11:02:57');
INSERT INTO `respuestas` VALUES ('1065', 'Muy Satisfecho', '138', '2020-12-04 11:02:57', '2020-12-04 11:02:57');
INSERT INTO `respuestas` VALUES ('1066', 'Muy Satisfecho', '138', '2020-12-04 11:02:57', '2020-12-04 11:02:57');
INSERT INTO `respuestas` VALUES ('1067', 'Muy Satisfecho', '138', '2020-12-04 11:02:57', '2020-12-04 11:02:57');
INSERT INTO `respuestas` VALUES ('1068', 'Muy Satisfecho', '138', '2020-12-04 11:02:57', '2020-12-04 11:02:57');
INSERT INTO `respuestas` VALUES ('1069', 'Muy Satisfecho', '138', '2020-12-04 11:02:57', '2020-12-04 11:02:57');
INSERT INTO `respuestas` VALUES ('1070', 'Muy Satisfecho', '138', '2020-12-04 11:02:57', '2020-12-04 11:02:57');
INSERT INTO `respuestas` VALUES ('1071', 'Insatisfecho', '81', '2020-12-04 11:02:57', '2020-12-04 11:02:57');
INSERT INTO `respuestas` VALUES ('1072', 'Muy Satisfecho', '138', '2020-12-04 11:02:57', '2020-12-04 11:02:57');
INSERT INTO `respuestas` VALUES ('1073', 'Muy Satisfecho', '30', '2020-12-04 11:02:57', '2020-12-04 11:02:57');
INSERT INTO `respuestas` VALUES ('1074', 'Insatisfecho', '77', '2020-12-04 11:02:57', '2020-12-04 11:02:57');
INSERT INTO `respuestas` VALUES ('1075', 'Muy Satisfecho', '138', '2020-12-04 11:02:57', '2020-12-04 11:02:57');
INSERT INTO `respuestas` VALUES ('1076', 'Insatisfecho', '57', '2020-12-04 11:02:57', '2020-12-04 11:02:57');
INSERT INTO `respuestas` VALUES ('1077', 'Satisfecho', '134', '2020-12-04 11:02:57', '2020-12-04 11:02:57');
INSERT INTO `respuestas` VALUES ('1078', 'Satisfecho', '134', '2020-12-04 11:02:57', '2020-12-04 11:02:57');
INSERT INTO `respuestas` VALUES ('1079', 'Muy Satisfecho', '137', '2020-12-04 11:02:57', '2020-12-04 11:02:57');
INSERT INTO `respuestas` VALUES ('1080', 'Muy Satisfecho', '138', '2020-12-04 11:02:57', '2020-12-04 11:02:57');
INSERT INTO `respuestas` VALUES ('1081', 'Satisfecho', '134', '2020-12-04 11:02:57', '2020-12-04 11:02:57');
INSERT INTO `respuestas` VALUES ('1082', 'Muy Satisfecho', '30', '2020-12-04 11:02:57', '2020-12-04 11:02:57');
INSERT INTO `respuestas` VALUES ('1083', 'Muy Satisfecho', '30', '2020-12-04 11:02:57', '2020-12-04 11:02:57');
INSERT INTO `respuestas` VALUES ('1084', 'Insatisfecho', '83', '2020-12-04 11:02:57', '2020-12-04 11:02:57');
INSERT INTO `respuestas` VALUES ('1085', 'Muy Satisfecho', '30', '2020-12-04 11:02:57', '2020-12-04 11:02:57');
INSERT INTO `respuestas` VALUES ('1086', 'Muy Satisfecho', '138', '2020-12-04 11:02:57', '2020-12-04 11:02:57');
INSERT INTO `respuestas` VALUES ('1087', 'Satisfecho', '138', '2020-12-04 11:02:57', '2020-12-04 11:02:57');
INSERT INTO `respuestas` VALUES ('1088', 'Muy Satisfecho', '137', '2020-12-04 11:02:57', '2020-12-04 11:02:57');
INSERT INTO `respuestas` VALUES ('1089', 'Muy Satisfecho', '137', '2020-12-04 11:02:57', '2020-12-04 11:02:57');
INSERT INTO `respuestas` VALUES ('1090', 'Muy Satisfecho', '137', '2020-12-04 11:02:57', '2020-12-04 11:02:57');
INSERT INTO `respuestas` VALUES ('1091', 'Muy Satisfecho', '137', '2020-12-04 11:02:57', '2020-12-04 11:02:57');
INSERT INTO `respuestas` VALUES ('1092', 'Muy Satisfecho', '137', '2020-12-04 11:02:57', '2020-12-04 11:02:57');
INSERT INTO `respuestas` VALUES ('1093', 'Muy Satisfecho', '30', '2020-12-04 11:02:57', '2020-12-04 11:02:57');
INSERT INTO `respuestas` VALUES ('1094', 'Muy Satisfecho', '30', '2020-12-04 11:02:57', '2020-12-04 11:02:57');
INSERT INTO `respuestas` VALUES ('1095', 'Muy Satisfecho', '30', '2020-12-04 11:02:57', '2020-12-04 11:02:57');
INSERT INTO `respuestas` VALUES ('1096', 'Muy Satisfecho', '30', '2020-12-04 11:02:57', '2020-12-04 11:02:57');
INSERT INTO `respuestas` VALUES ('1097', 'Muy Satisfecho', '137', '2020-12-04 11:02:57', '2020-12-04 11:02:57');
INSERT INTO `respuestas` VALUES ('1098', 'Muy Satisfecho', '30', '2020-12-04 11:02:57', '2020-12-04 11:02:57');
INSERT INTO `respuestas` VALUES ('1099', 'Muy Satisfecho', '30', '2020-12-04 11:02:57', '2020-12-04 11:02:57');
INSERT INTO `respuestas` VALUES ('1100', 'Muy Satisfecho', '137', '2020-12-04 11:02:57', '2020-12-04 11:02:57');
INSERT INTO `respuestas` VALUES ('1101', 'Muy Satisfecho', '137', '2020-12-04 11:02:57', '2020-12-04 11:02:57');
INSERT INTO `respuestas` VALUES ('1102', 'Muy Satisfecho', '137', '2020-12-04 11:02:57', '2020-12-04 11:02:57');
INSERT INTO `respuestas` VALUES ('1103', 'Muy Satisfecho', '137', '2020-12-04 11:02:57', '2020-12-04 11:02:57');
INSERT INTO `respuestas` VALUES ('1104', 'Muy Satisfecho', '30', '2020-12-04 11:02:57', '2020-12-04 11:02:57');
INSERT INTO `respuestas` VALUES ('1105', 'Muy Satisfecho', '30', '2020-12-04 11:02:57', '2020-12-04 11:02:57');
INSERT INTO `respuestas` VALUES ('1106', 'Muy Satisfecho', '137', '2020-12-04 11:02:57', '2020-12-04 11:02:57');
INSERT INTO `respuestas` VALUES ('1107', 'Muy Satisfecho', '137', '2020-12-04 11:02:57', '2020-12-04 11:02:57');
INSERT INTO `respuestas` VALUES ('1108', 'Satisfecho', '137', '2020-12-04 11:02:57', '2020-12-04 11:02:57');
INSERT INTO `respuestas` VALUES ('1109', 'Satisfecho', '137', '2020-12-04 11:02:57', '2020-12-04 11:02:57');
INSERT INTO `respuestas` VALUES ('1110', 'Muy Satisfecho', '30', '2020-12-04 11:02:57', '2020-12-04 11:02:57');
INSERT INTO `respuestas` VALUES ('1111', 'Muy Satisfecho', '30', '2020-12-04 11:02:57', '2020-12-04 11:02:57');
INSERT INTO `respuestas` VALUES ('1112', 'Muy Satisfecho', '30', '2020-12-04 11:02:57', '2020-12-04 11:02:57');
INSERT INTO `respuestas` VALUES ('1113', 'Muy Satisfecho', '30', '2020-12-04 11:02:57', '2020-12-04 11:02:57');
INSERT INTO `respuestas` VALUES ('1114', 'Muy Satisfecho', '30', '2020-12-04 11:02:57', '2020-12-04 11:02:57');
INSERT INTO `respuestas` VALUES ('1115', 'Muy Satisfecho', '30', '2020-12-04 11:02:57', '2020-12-04 11:02:57');
INSERT INTO `respuestas` VALUES ('1116', 'Muy Satisfecho', '137', '2020-12-04 11:02:57', '2020-12-04 11:02:57');
INSERT INTO `respuestas` VALUES ('1117', 'Muy Satisfecho', '137', '2020-12-04 11:02:57', '2020-12-04 11:02:57');
INSERT INTO `respuestas` VALUES ('1118', 'Muy Satisfecho', '137', '2020-12-04 11:02:57', '2020-12-04 11:02:57');
INSERT INTO `respuestas` VALUES ('1119', 'Muy Satisfecho', '30', '2020-12-04 11:02:57', '2020-12-04 11:02:57');
INSERT INTO `respuestas` VALUES ('1120', 'Muy Satisfecho', '137', '2020-12-04 11:02:57', '2020-12-04 11:02:57');
INSERT INTO `respuestas` VALUES ('1121', 'Muy Satisfecho', '137', '2020-12-04 11:02:57', '2020-12-04 11:02:57');
INSERT INTO `respuestas` VALUES ('1122', 'Muy Satisfecho', '137', '2020-12-04 11:02:57', '2020-12-04 11:02:57');
INSERT INTO `respuestas` VALUES ('1123', 'Muy Satisfecho', '137', '2020-12-04 11:02:57', '2020-12-04 11:02:57');
INSERT INTO `respuestas` VALUES ('1124', 'Muy Satisfecho', '30', '2020-12-04 11:02:57', '2020-12-04 11:02:57');
INSERT INTO `respuestas` VALUES ('1125', 'Muy Satisfecho', '30', '2020-12-04 11:02:57', '2020-12-04 11:02:57');
INSERT INTO `respuestas` VALUES ('1126', 'Muy Satisfecho', '137', '2020-12-04 11:02:57', '2020-12-04 11:02:57');
INSERT INTO `respuestas` VALUES ('1127', 'Muy Satisfecho', '137', '2020-12-04 11:02:57', '2020-12-04 11:02:57');
INSERT INTO `respuestas` VALUES ('1128', 'Muy Satisfecho', '137', '2020-12-04 11:02:57', '2020-12-04 11:02:57');
INSERT INTO `respuestas` VALUES ('1129', 'Muy Satisfecho', '137', '2020-12-04 11:02:57', '2020-12-04 11:02:57');
INSERT INTO `respuestas` VALUES ('1130', 'Muy Satisfecho', '137', '2020-12-04 11:02:57', '2020-12-04 11:02:57');
INSERT INTO `respuestas` VALUES ('1131', 'Muy Satisfecho', '30', '2020-12-04 11:02:57', '2020-12-04 11:02:57');
INSERT INTO `respuestas` VALUES ('1132', 'Muy Satisfecho', '137', '2020-12-04 11:02:57', '2020-12-04 11:02:57');
INSERT INTO `respuestas` VALUES ('1133', 'Muy Satisfecho', '137', '2020-12-04 11:02:57', '2020-12-04 11:02:57');
INSERT INTO `respuestas` VALUES ('1134', 'Muy Satisfecho', '137', '2020-12-04 11:02:57', '2020-12-04 11:02:57');
INSERT INTO `respuestas` VALUES ('1135', 'Muy Satisfecho', '137', '2020-12-04 11:02:57', '2020-12-04 11:02:57');
INSERT INTO `respuestas` VALUES ('1136', 'Muy Satisfecho', '137', '2020-12-04 11:02:57', '2020-12-04 11:02:57');
INSERT INTO `respuestas` VALUES ('1137', 'Muy Satisfecho', '137', '2020-12-04 11:02:57', '2020-12-04 11:02:57');
INSERT INTO `respuestas` VALUES ('1138', 'Muy Satisfecho', '137', '2020-12-04 11:02:57', '2020-12-04 11:02:57');
INSERT INTO `respuestas` VALUES ('1139', 'Muy Satisfecho', '137', '2020-12-04 11:02:57', '2020-12-04 11:02:57');
INSERT INTO `respuestas` VALUES ('1140', 'Muy Satisfecho', '137', '2020-12-04 11:02:57', '2020-12-04 11:02:57');
INSERT INTO `respuestas` VALUES ('1141', 'Muy Satisfecho', '137', '2020-12-04 11:02:57', '2020-12-04 11:02:57');
INSERT INTO `respuestas` VALUES ('1142', 'Muy Satisfecho', '137', '2020-12-04 11:02:57', '2020-12-04 11:02:57');
INSERT INTO `respuestas` VALUES ('1143', 'Muy Satisfecho', '137', '2020-12-04 11:02:57', '2020-12-04 11:02:57');
INSERT INTO `respuestas` VALUES ('1144', 'Muy Satisfecho', '137', '2020-12-04 11:02:57', '2020-12-04 11:02:57');
INSERT INTO `respuestas` VALUES ('1145', 'Muy Satisfecho', '137', '2020-12-04 11:02:57', '2020-12-04 11:02:57');
INSERT INTO `respuestas` VALUES ('1146', 'Muy Satisfecho', '137', '2020-12-04 11:02:57', '2020-12-04 11:02:57');
INSERT INTO `respuestas` VALUES ('1147', 'Muy Satisfecho', '137', '2020-12-04 11:02:57', '2020-12-04 11:02:57');
INSERT INTO `respuestas` VALUES ('1148', 'Muy Satisfecho', '137', '2020-12-04 11:02:57', '2020-12-04 11:02:57');
INSERT INTO `respuestas` VALUES ('1149', 'Muy Satisfecho', '137', '2020-12-04 11:02:57', '2020-12-04 11:02:57');
INSERT INTO `respuestas` VALUES ('1150', 'Muy Satisfecho', '137', '2020-12-04 11:02:57', '2020-12-04 11:02:57');
INSERT INTO `respuestas` VALUES ('1151', 'Muy Satisfecho', '137', '2020-12-04 11:02:57', '2020-12-04 11:02:57');
INSERT INTO `respuestas` VALUES ('1152', 'Muy Satisfecho', '137', '2020-12-04 11:02:57', '2020-12-04 11:02:57');
INSERT INTO `respuestas` VALUES ('1153', 'Muy Satisfecho', '137', '2020-12-04 11:02:57', '2020-12-04 11:02:57');
INSERT INTO `respuestas` VALUES ('1154', 'Muy Satisfecho', '137', '2020-12-04 11:02:57', '2020-12-04 11:02:57');
INSERT INTO `respuestas` VALUES ('1155', 'Muy Satisfecho', '137', '2020-12-04 11:02:57', '2020-12-04 11:02:57');
INSERT INTO `respuestas` VALUES ('1156', 'Muy Satisfecho', '137', '2020-12-04 11:02:57', '2020-12-04 11:02:57');
INSERT INTO `respuestas` VALUES ('1157', 'Muy Satisfecho', '137', '2020-12-04 11:02:57', '2020-12-04 11:02:57');
INSERT INTO `respuestas` VALUES ('1158', 'Muy Satisfecho', '137', '2020-12-04 11:02:57', '2020-12-04 11:02:57');
INSERT INTO `respuestas` VALUES ('1159', 'Muy Satisfecho', '137', '2020-12-04 11:02:57', '2020-12-04 11:02:57');
INSERT INTO `respuestas` VALUES ('1160', 'Muy Satisfecho', '138', '2020-12-04 11:02:57', '2020-12-04 11:02:57');
INSERT INTO `respuestas` VALUES ('1161', 'Muy Satisfecho', '30', '2020-12-04 11:02:57', '2020-12-04 11:02:57');
INSERT INTO `respuestas` VALUES ('1162', 'Muy Satisfecho', '30', '2020-12-04 11:02:57', '2020-12-04 11:02:57');
INSERT INTO `respuestas` VALUES ('1163', 'Muy Satisfecho', '30', '2020-12-04 11:02:57', '2020-12-04 11:02:57');
INSERT INTO `respuestas` VALUES ('1164', 'Muy Satisfecho', '30', '2020-12-04 11:02:57', '2020-12-04 11:02:57');
INSERT INTO `respuestas` VALUES ('1165', 'Muy Satisfecho', '30', '2020-12-04 11:02:57', '2020-12-04 11:02:57');
INSERT INTO `respuestas` VALUES ('1166', 'Muy Satisfecho', '30', '2020-12-04 11:02:57', '2020-12-04 11:02:57');
INSERT INTO `respuestas` VALUES ('1167', 'Muy Satisfecho', '30', '2020-12-04 11:02:57', '2020-12-04 11:02:57');
INSERT INTO `respuestas` VALUES ('1168', 'Muy Satisfecho', '30', '2020-12-04 11:02:57', '2020-12-04 11:02:57');
INSERT INTO `respuestas` VALUES ('1169', 'Muy Satisfecho', '30', '2020-12-04 11:02:57', '2020-12-04 11:02:57');
INSERT INTO `respuestas` VALUES ('1170', 'Muy Satisfecho', '138', '2020-12-04 11:02:57', '2020-12-04 11:02:57');
INSERT INTO `respuestas` VALUES ('1171', 'Muy Satisfecho', '30', '2020-12-04 11:02:57', '2020-12-04 11:02:57');
INSERT INTO `respuestas` VALUES ('1172', 'Muy Satisfecho', '138', '2020-12-04 11:02:57', '2020-12-04 11:02:57');
INSERT INTO `respuestas` VALUES ('1173', 'Muy Satisfecho', '138', '2020-12-04 11:02:57', '2020-12-04 11:02:57');
INSERT INTO `respuestas` VALUES ('1174', 'Muy Satisfecho', '30', '2020-12-04 11:02:57', '2020-12-04 11:02:57');
INSERT INTO `respuestas` VALUES ('1175', 'Muy Satisfecho', '138', '2020-12-04 11:02:57', '2020-12-04 11:02:57');
INSERT INTO `respuestas` VALUES ('1176', 'Muy Satisfecho', '137', '2020-12-04 11:02:57', '2020-12-04 11:02:57');
INSERT INTO `respuestas` VALUES ('1177', 'Muy Satisfecho', '138', '2018-11-22 14:54:59', '2018-11-22 14:54:59');
INSERT INTO `respuestas` VALUES ('1178', 'Muy Satisfecho', '137', '2018-11-22 14:58:41', '2018-11-22 14:58:41');
INSERT INTO `respuestas` VALUES ('1179', 'Muy Satisfecho', '138', '2018-11-22 15:07:03', '2018-11-22 15:07:03');
INSERT INTO `respuestas` VALUES ('1180', 'Muy Satisfecho', '138', '2018-11-22 15:19:33', '2018-11-22 15:19:33');
INSERT INTO `respuestas` VALUES ('1181', 'Muy Satisfecho', '30', '2018-11-22 15:25:52', '2018-11-22 15:25:52');
INSERT INTO `respuestas` VALUES ('1182', 'Muy Satisfecho', '137', '2018-11-22 15:30:21', '2018-11-22 15:30:21');
INSERT INTO `respuestas` VALUES ('1183', 'Muy Satisfecho', '30', '2018-11-22 15:39:17', '2018-11-22 15:39:17');
INSERT INTO `respuestas` VALUES ('1184', 'Muy Satisfecho', '138', '2018-11-22 15:51:26', '2018-11-22 15:51:26');
INSERT INTO `respuestas` VALUES ('1185', 'Satisfecho', '137', '2018-11-22 15:52:08', '2018-11-22 15:52:08');
INSERT INTO `respuestas` VALUES ('1186', 'Muy Satisfecho', '30', '2018-11-22 16:06:16', '2018-11-22 16:06:16');
INSERT INTO `respuestas` VALUES ('1187', 'Muy Satisfecho', '137', '2018-11-22 16:06:19', '2018-11-22 16:06:19');
INSERT INTO `respuestas` VALUES ('1188', 'Muy Satisfecho', '30', '2018-11-22 16:17:24', '2018-11-22 16:17:24');
INSERT INTO `respuestas` VALUES ('1189', 'Muy Satisfecho', '138', '2018-11-22 16:25:00', '2018-11-22 16:25:00');
INSERT INTO `respuestas` VALUES ('1190', 'Muy Satisfecho', '30', '2018-11-22 16:30:09', '2018-11-22 16:30:09');
INSERT INTO `respuestas` VALUES ('1191', 'Muy Satisfecho', '138', '2018-11-22 16:34:09', '2018-11-22 16:34:09');
INSERT INTO `respuestas` VALUES ('1192', 'Muy Satisfecho', '138', '2018-11-22 16:38:00', '2018-11-22 16:38:00');
INSERT INTO `respuestas` VALUES ('1193', 'Insatisfecho', '138', '2018-11-22 16:38:49', '2018-11-22 16:38:49');
INSERT INTO `respuestas` VALUES ('1194', 'Muy Satisfecho', '137', '2018-11-22 16:44:02', '2018-11-22 16:44:02');
INSERT INTO `respuestas` VALUES ('1195', 'Muy Satisfecho', '42', '2018-11-22 16:54:35', '2018-11-22 16:54:35');
INSERT INTO `respuestas` VALUES ('1196', 'Muy Satisfecho', '137', '2018-11-22 17:04:58', '2018-11-22 17:04:58');
INSERT INTO `respuestas` VALUES ('1197', 'Satisfecho', '137', '2018-11-22 17:05:09', '2018-11-22 17:05:09');
INSERT INTO `respuestas` VALUES ('1198', 'Muy Satisfecho', '42', '2018-11-22 17:12:35', '2018-11-22 17:12:35');
INSERT INTO `respuestas` VALUES ('1199', 'Muy Satisfecho', '138', '2018-11-22 17:17:44', '2018-11-22 17:17:44');
INSERT INTO `respuestas` VALUES ('1200', 'Muy Satisfecho', '137', '2018-11-22 17:21:59', '2018-11-22 17:21:59');
INSERT INTO `respuestas` VALUES ('1201', 'Muy Satisfecho', '138', '2018-11-22 17:28:00', '2018-11-22 17:28:00');
INSERT INTO `respuestas` VALUES ('1202', 'Satisfecho', '42', '2018-11-22 17:43:00', '2018-11-22 17:43:00');
INSERT INTO `respuestas` VALUES ('1203', 'Muy Satisfecho', '137', '2018-11-22 17:48:50', '2018-11-22 17:48:50');
INSERT INTO `respuestas` VALUES ('1204', 'Muy Satisfecho', '137', '2018-11-22 17:51:06', '2018-11-22 17:51:06');
INSERT INTO `respuestas` VALUES ('1205', 'Muy Satisfecho', '138', '2018-11-22 17:56:05', '2018-11-22 17:56:05');
INSERT INTO `respuestas` VALUES ('1206', 'Muy Satisfecho', '137', '2018-11-22 17:57:57', '2018-11-22 17:57:57');
INSERT INTO `respuestas` VALUES ('1207', 'Muy Satisfecho', '138', '2018-11-22 18:00:03', '2018-11-22 18:00:03');
INSERT INTO `respuestas` VALUES ('1208', 'Muy Satisfecho', '138', '2018-11-22 18:00:10', '2018-11-22 18:00:10');
INSERT INTO `respuestas` VALUES ('1209', 'Muy Satisfecho', '138', '2018-11-22 18:00:11', '2018-11-22 18:00:11');
INSERT INTO `respuestas` VALUES ('1210', 'Muy Satisfecho', '42', '2018-11-23 07:31:26', '2018-11-23 07:31:26');
INSERT INTO `respuestas` VALUES ('1211', 'Satisfecho', '42', '2018-11-23 08:25:01', '2018-11-23 08:25:01');
INSERT INTO `respuestas` VALUES ('1212', 'Satisfecho', '42', '2018-11-23 08:28:30', '2018-11-23 08:28:30');
INSERT INTO `respuestas` VALUES ('1213', 'Muy Satisfecho', '42', '2018-11-23 08:59:21', '2018-11-23 08:59:21');
INSERT INTO `respuestas` VALUES ('1214', 'Muy Satisfecho', '42', '2018-11-23 09:17:05', '2018-11-23 09:17:05');
INSERT INTO `respuestas` VALUES ('1215', 'Muy Satisfecho', '42', '2018-11-23 09:17:05', '2018-11-23 09:17:05');
INSERT INTO `respuestas` VALUES ('1216', 'Muy Satisfecho', '138', '2018-11-23 09:47:22', '2018-11-23 09:47:22');
INSERT INTO `respuestas` VALUES ('1217', 'Muy Satisfecho', '138', '2018-11-23 09:47:22', '2018-11-23 09:47:22');
INSERT INTO `respuestas` VALUES ('1218', 'Muy Satisfecho', '138', '2018-11-23 09:47:25', '2018-11-23 09:47:25');
INSERT INTO `respuestas` VALUES ('1219', 'Muy Satisfecho', '42', '2018-11-23 10:07:19', '2018-11-23 10:07:19');
INSERT INTO `respuestas` VALUES ('1220', 'Muy Satisfecho', '42', '2018-11-23 10:19:50', '2018-11-23 10:19:50');
INSERT INTO `respuestas` VALUES ('1221', 'Muy Satisfecho', '42', '2018-11-23 11:21:03', '2018-11-23 11:21:03');
INSERT INTO `respuestas` VALUES ('1222', 'Muy Satisfecho', '137', '2018-11-23 11:31:29', '2018-11-23 11:31:29');
INSERT INTO `respuestas` VALUES ('1223', 'Satisfecho', '42', '2018-11-23 11:33:30', '2018-11-23 11:33:30');
INSERT INTO `respuestas` VALUES ('1224', 'Satisfecho', '138', '2018-11-23 11:37:16', '2018-11-23 11:37:16');
INSERT INTO `respuestas` VALUES ('1225', 'Muy Satisfecho', '42', '2018-11-23 11:48:33', '2018-11-23 11:48:33');
INSERT INTO `respuestas` VALUES ('1226', 'Muy Satisfecho', '137', '2018-11-23 11:50:15', '2018-11-23 11:50:15');
INSERT INTO `respuestas` VALUES ('1227', 'Muy Satisfecho', '137', '2018-11-23 11:50:16', '2018-11-23 11:50:16');
INSERT INTO `respuestas` VALUES ('1228', 'Muy Satisfecho', '137', '2018-11-23 12:00:14', '2018-11-23 12:00:14');
INSERT INTO `respuestas` VALUES ('1229', 'Muy Satisfecho', '137', '2018-11-23 12:02:45', '2018-11-23 12:02:45');
INSERT INTO `respuestas` VALUES ('1230', 'Muy Satisfecho', '42', '2018-11-23 12:03:27', '2018-11-23 12:03:27');
INSERT INTO `respuestas` VALUES ('1231', 'Muy Satisfecho', '137', '2018-11-23 12:04:52', '2018-11-23 12:04:52');
INSERT INTO `respuestas` VALUES ('1232', 'Muy Satisfecho', '138', '2018-11-23 14:14:17', '2018-11-23 14:14:17');
INSERT INTO `respuestas` VALUES ('1233', 'Muy Satisfecho', '42', '2018-11-23 14:32:33', '2018-11-23 14:32:33');
INSERT INTO `respuestas` VALUES ('1234', 'Muy Satisfecho', '42', '2018-11-23 15:28:52', '2018-11-23 15:28:52');
INSERT INTO `respuestas` VALUES ('1235', 'Muy Satisfecho', '137', '2018-11-23 16:07:00', '2018-11-23 16:07:00');
INSERT INTO `respuestas` VALUES ('1236', 'Muy Satisfecho', '137', '2018-11-23 16:24:47', '2018-11-23 16:24:47');
INSERT INTO `respuestas` VALUES ('1237', 'Muy Satisfecho', '137', '2018-11-23 17:18:32', '2018-11-23 17:18:32');
INSERT INTO `respuestas` VALUES ('1238', 'Insatisfecho', '137', '2018-11-23 17:37:33', '2018-11-23 17:37:33');
INSERT INTO `respuestas` VALUES ('1239', 'Muy Satisfecho', '137', '2018-11-23 17:37:51', '2018-11-23 17:37:51');
INSERT INTO `respuestas` VALUES ('1240', 'Muy Satisfecho', '137', '2018-11-23 17:37:51', '2018-11-23 17:37:51');
INSERT INTO `respuestas` VALUES ('1241', 'Muy Satisfecho', '137', '2018-11-23 17:38:48', '2018-11-23 17:38:48');
INSERT INTO `respuestas` VALUES ('1242', 'Muy Satisfecho', '137', '2018-11-24 09:48:39', '2018-11-24 09:48:39');
INSERT INTO `respuestas` VALUES ('1243', 'Muy Satisfecho', '137', '2018-11-24 10:31:12', '2018-11-24 10:31:12');
INSERT INTO `respuestas` VALUES ('1244', 'Muy Satisfecho', '137', '2018-11-24 10:31:12', '2018-11-24 10:31:12');
INSERT INTO `respuestas` VALUES ('1245', 'Muy Satisfecho', '30', '2018-11-26 08:57:57', '2018-11-26 08:57:57');
INSERT INTO `respuestas` VALUES ('1246', 'Muy Satisfecho', '30', '2018-11-26 08:58:23', '2018-11-26 08:58:23');
INSERT INTO `respuestas` VALUES ('1247', 'Satisfecho', '30', '2018-11-26 09:28:30', '2018-11-26 09:28:30');
INSERT INTO `respuestas` VALUES ('1248', 'Muy Satisfecho', '30', '2018-11-26 09:32:13', '2018-11-26 09:32:13');
INSERT INTO `respuestas` VALUES ('1249', 'Muy Satisfecho', '30', '2018-11-26 09:51:08', '2018-11-26 09:51:08');
INSERT INTO `respuestas` VALUES ('1250', 'Muy Satisfecho', '30', '2018-11-26 10:30:46', '2018-11-26 10:30:46');
INSERT INTO `respuestas` VALUES ('1251', 'Muy Satisfecho', '30', '2018-11-26 10:47:59', '2018-11-26 10:47:59');
INSERT INTO `respuestas` VALUES ('1252', 'Muy Satisfecho', '30', '2018-11-26 10:55:57', '2018-11-26 10:55:57');
INSERT INTO `respuestas` VALUES ('1253', 'Muy Satisfecho', '30', '2018-11-26 11:23:29', '2018-11-26 11:23:29');
INSERT INTO `respuestas` VALUES ('1254', 'Muy Satisfecho', '30', '2018-11-26 11:23:30', '2018-11-26 11:23:30');
INSERT INTO `respuestas` VALUES ('1255', 'Muy Satisfecho', '30', '2018-11-26 11:41:49', '2018-11-26 11:41:49');
INSERT INTO `respuestas` VALUES ('1256', 'Muy Satisfecho', '30', '2018-11-26 12:15:13', '2018-11-26 12:15:13');
INSERT INTO `respuestas` VALUES ('1257', 'Muy Satisfecho', '30', '2018-11-26 14:23:35', '2018-11-26 14:23:35');
INSERT INTO `respuestas` VALUES ('1258', 'Muy Satisfecho', '30', '2018-11-26 14:50:33', '2018-11-26 14:50:33');
INSERT INTO `respuestas` VALUES ('1259', 'Muy Satisfecho', '137', '2018-11-26 15:01:46', '2018-11-26 15:01:46');
INSERT INTO `respuestas` VALUES ('1260', 'Muy Satisfecho', '30', '2018-11-26 15:14:25', '2018-11-26 15:14:25');
INSERT INTO `respuestas` VALUES ('1261', 'Satisfecho', '30', '2018-11-26 15:30:58', '2018-11-26 15:30:58');
INSERT INTO `respuestas` VALUES ('1262', 'Satisfecho', '30', '2018-11-26 15:30:59', '2018-11-26 15:30:59');
INSERT INTO `respuestas` VALUES ('1263', 'Muy Satisfecho', '30', '2018-11-26 15:40:25', '2018-11-26 15:40:25');
INSERT INTO `respuestas` VALUES ('1264', 'Muy Satisfecho', '30', '2018-11-26 15:58:24', '2018-11-26 15:58:24');
INSERT INTO `respuestas` VALUES ('1265', 'Muy Satisfecho', '30', '2018-11-26 16:08:38', '2018-11-26 16:08:38');
INSERT INTO `respuestas` VALUES ('1266', 'Muy Satisfecho', '30', '2018-11-26 16:36:33', '2018-11-26 16:36:33');
INSERT INTO `respuestas` VALUES ('1267', 'Satisfecho', '30', '2018-11-26 16:49:01', '2018-11-26 16:49:01');
INSERT INTO `respuestas` VALUES ('1268', 'Muy Satisfecho', '30', '2018-11-26 18:09:00', '2018-11-26 18:09:00');
INSERT INTO `respuestas` VALUES ('1269', 'Muy Satisfecho', '30', '2018-11-27 08:45:06', '2018-11-27 08:45:06');
INSERT INTO `respuestas` VALUES ('1270', 'Muy Satisfecho', '30', '2018-11-27 09:45:12', '2018-11-27 09:45:12');
INSERT INTO `respuestas` VALUES ('1271', 'Muy Satisfecho', '137', '2018-11-27 09:51:50', '2018-11-27 09:51:50');
INSERT INTO `respuestas` VALUES ('1272', 'Muy Satisfecho', '30', '2018-11-27 09:52:12', '2018-11-27 09:52:12');
INSERT INTO `respuestas` VALUES ('1273', 'Muy Satisfecho', '30', '2018-11-27 09:56:15', '2018-11-27 09:56:15');
INSERT INTO `respuestas` VALUES ('1274', 'Muy Satisfecho', '30', '2018-11-27 10:34:10', '2018-11-27 10:34:10');
INSERT INTO `respuestas` VALUES ('1275', 'Muy Satisfecho', '30', '2018-11-27 10:34:10', '2018-11-27 10:34:10');
INSERT INTO `respuestas` VALUES ('1276', 'Muy Satisfecho', '137', '2018-11-27 11:07:20', '2018-11-27 11:07:20');
INSERT INTO `respuestas` VALUES ('1277', 'Muy Satisfecho', '137', '2018-11-27 11:07:20', '2018-11-27 11:07:20');
INSERT INTO `respuestas` VALUES ('1278', 'Muy Satisfecho', '137', '2018-11-27 11:07:20', '2018-11-27 11:07:20');
INSERT INTO `respuestas` VALUES ('1279', 'Muy Satisfecho', '137', '2018-11-27 11:07:20', '2018-11-27 11:07:20');
INSERT INTO `respuestas` VALUES ('1280', 'Muy Satisfecho', '137', '2018-11-27 11:07:20', '2018-11-27 11:07:20');
INSERT INTO `respuestas` VALUES ('1281', 'Muy Satisfecho', '137', '2018-11-27 11:07:20', '2018-11-27 11:07:20');
INSERT INTO `respuestas` VALUES ('1282', 'Muy Satisfecho', '137', '2018-11-27 11:07:44', '2018-11-27 11:07:44');
INSERT INTO `respuestas` VALUES ('1283', 'Muy Satisfecho', '30', '2018-11-27 11:14:52', '2018-11-27 11:14:52');
INSERT INTO `respuestas` VALUES ('1284', 'Muy Satisfecho', '30', '2018-11-27 11:14:54', '2018-11-27 11:14:54');
INSERT INTO `respuestas` VALUES ('1285', 'Muy Satisfecho', '30', '2018-11-27 11:15:14', '2018-11-27 11:15:14');
INSERT INTO `respuestas` VALUES ('1286', 'Muy Satisfecho', '137', '2018-11-27 11:19:57', '2018-11-27 11:19:57');
INSERT INTO `respuestas` VALUES ('1287', 'Muy Satisfecho', '137', '2018-11-27 11:19:57', '2018-11-27 11:19:57');
INSERT INTO `respuestas` VALUES ('1288', 'Muy Satisfecho', '137', '2018-11-27 11:50:08', '2018-11-27 11:50:08');
INSERT INTO `respuestas` VALUES ('1289', 'Muy Satisfecho', '30', '2018-11-27 11:52:50', '2018-11-27 11:52:50');
INSERT INTO `respuestas` VALUES ('1290', 'Muy Satisfecho', '30', '2018-11-27 14:40:35', '2018-11-27 14:40:35');
INSERT INTO `respuestas` VALUES ('1291', 'Muy Satisfecho', '30', '2018-11-27 15:00:07', '2018-11-27 15:00:07');
INSERT INTO `respuestas` VALUES ('1292', 'Muy Satisfecho', '30', '2018-11-27 15:10:02', '2018-11-27 15:10:02');
INSERT INTO `respuestas` VALUES ('1293', 'Muy Satisfecho', '30', '2018-11-27 15:49:44', '2018-11-27 15:49:44');
INSERT INTO `respuestas` VALUES ('1294', 'Muy Satisfecho', '30', '2018-11-27 16:04:38', '2018-11-27 16:04:38');
INSERT INTO `respuestas` VALUES ('1295', 'Insatisfecho', '30', '2018-11-27 16:07:27', '2018-11-27 16:07:27');
INSERT INTO `respuestas` VALUES ('1296', 'Muy Satisfecho', '30', '2018-11-27 16:13:53', '2018-11-27 16:13:53');
INSERT INTO `respuestas` VALUES ('1297', 'Muy Satisfecho', '30', '2018-11-27 16:23:19', '2018-11-27 16:23:19');
INSERT INTO `respuestas` VALUES ('1298', 'Muy Satisfecho', '30', '2018-11-27 16:43:32', '2018-11-27 16:43:32');
INSERT INTO `respuestas` VALUES ('1299', 'Muy Satisfecho', '30', '2018-11-27 17:11:17', '2018-11-27 17:11:17');
INSERT INTO `respuestas` VALUES ('1300', 'Satisfecho', '30', '2018-11-27 17:30:23', '2018-11-27 17:30:23');
INSERT INTO `respuestas` VALUES ('1301', 'Muy Satisfecho', '30', '2018-11-27 17:37:15', '2018-11-27 17:37:15');
INSERT INTO `respuestas` VALUES ('1302', 'Muy Satisfecho', '30', '2018-11-27 17:38:23', '2018-11-27 17:38:23');
INSERT INTO `respuestas` VALUES ('1303', 'Muy Satisfecho', '30', '2018-11-27 17:39:14', '2018-11-27 17:39:14');
INSERT INTO `respuestas` VALUES ('1304', 'Muy Satisfecho', '30', '2018-11-27 17:39:28', '2018-11-27 17:39:28');
INSERT INTO `respuestas` VALUES ('1305', 'Muy Satisfecho', '30', '2018-11-27 17:39:45', '2018-11-27 17:39:45');
INSERT INTO `respuestas` VALUES ('1306', 'Muy Satisfecho', '30', '2018-11-27 17:50:01', '2018-11-27 17:50:01');
INSERT INTO `respuestas` VALUES ('1307', 'Muy Satisfecho', '30', '2018-11-27 18:09:05', '2018-11-27 18:09:05');
INSERT INTO `respuestas` VALUES ('1308', 'Muy Satisfecho', '138', '2018-11-27 18:13:36', '2018-11-27 18:13:36');
INSERT INTO `respuestas` VALUES ('1309', 'Muy Satisfecho', '138', '2018-11-27 18:18:43', '2018-11-27 18:18:43');
INSERT INTO `respuestas` VALUES ('1310', 'Muy Satisfecho', '30', '2018-11-28 08:37:01', '2018-11-28 08:37:01');
INSERT INTO `respuestas` VALUES ('1311', 'Muy Satisfecho', '30', '2018-11-28 08:47:08', '2018-11-28 08:47:08');
INSERT INTO `respuestas` VALUES ('1312', 'Satisfecho', '30', '2018-11-28 08:58:16', '2018-11-28 08:58:16');
INSERT INTO `respuestas` VALUES ('1313', 'Muy Satisfecho', '30', '2018-11-28 09:06:51', '2018-11-28 09:06:51');
INSERT INTO `respuestas` VALUES ('1314', 'Muy Satisfecho', '30', '2018-11-28 09:06:52', '2018-11-28 09:06:52');
INSERT INTO `respuestas` VALUES ('1315', 'Muy Satisfecho', '30', '2018-11-28 09:06:52', '2018-11-28 09:06:52');
INSERT INTO `respuestas` VALUES ('1316', 'Muy Satisfecho', '30', '2018-11-28 09:32:25', '2018-11-28 09:32:25');
INSERT INTO `respuestas` VALUES ('1317', 'Muy Satisfecho', '30', '2018-11-28 09:50:21', '2018-11-28 09:50:21');
INSERT INTO `respuestas` VALUES ('1318', 'Muy Satisfecho', '30', '2018-11-28 10:00:23', '2018-11-28 10:00:23');
INSERT INTO `respuestas` VALUES ('1319', 'Muy Satisfecho', '30', '2018-11-28 10:09:35', '2018-11-28 10:09:35');
INSERT INTO `respuestas` VALUES ('1320', 'Muy Satisfecho', '30', '2018-11-28 10:17:44', '2018-11-28 10:17:44');
INSERT INTO `respuestas` VALUES ('1321', 'Muy Satisfecho', '30', '2018-11-28 10:28:46', '2018-11-28 10:28:46');
INSERT INTO `respuestas` VALUES ('1322', 'Muy Satisfecho', '30', '2018-11-28 10:38:09', '2018-11-28 10:38:09');
INSERT INTO `respuestas` VALUES ('1323', 'Muy Satisfecho', '30', '2018-11-28 10:46:54', '2018-11-28 10:46:54');
INSERT INTO `respuestas` VALUES ('1324', 'Muy Satisfecho', '30', '2018-11-28 10:46:56', '2018-11-28 10:46:56');
INSERT INTO `respuestas` VALUES ('1325', 'Muy Satisfecho', '30', '2018-11-28 10:59:39', '2018-11-28 10:59:39');
INSERT INTO `respuestas` VALUES ('1326', 'Muy Satisfecho', '30', '2018-11-28 11:19:26', '2018-11-28 11:19:26');
INSERT INTO `respuestas` VALUES ('1327', 'Muy Satisfecho', '30', '2018-11-28 11:43:49', '2018-11-28 11:43:49');
INSERT INTO `respuestas` VALUES ('1328', 'Muy Satisfecho', '30', '2018-11-28 12:08:28', '2018-11-28 12:08:28');
INSERT INTO `respuestas` VALUES ('1329', 'Muy Satisfecho', '30', '2018-11-28 12:24:12', '2018-11-28 12:24:12');
INSERT INTO `respuestas` VALUES ('1330', 'Muy Satisfecho', '30', '2018-11-28 14:28:05', '2018-11-28 14:28:05');
INSERT INTO `respuestas` VALUES ('1331', 'Muy Satisfecho', '30', '2018-11-28 15:00:38', '2018-11-28 15:00:38');
INSERT INTO `respuestas` VALUES ('1332', 'Muy Satisfecho', '30', '2018-11-28 15:00:38', '2018-11-28 15:00:38');
INSERT INTO `respuestas` VALUES ('1333', 'Muy Satisfecho', '30', '2018-11-28 15:00:39', '2018-11-28 15:00:39');
INSERT INTO `respuestas` VALUES ('1334', 'Muy Satisfecho', '30', '2018-11-28 15:08:51', '2018-11-28 15:08:51');
INSERT INTO `respuestas` VALUES ('1335', 'Muy Satisfecho', '30', '2018-11-28 15:47:58', '2018-11-28 15:47:58');
INSERT INTO `respuestas` VALUES ('1336', 'Muy Satisfecho', '30', '2018-11-28 16:28:54', '2018-11-28 16:28:54');
INSERT INTO `respuestas` VALUES ('1337', 'Muy Satisfecho', '30', '2018-11-28 17:15:23', '2018-11-28 17:15:23');
INSERT INTO `respuestas` VALUES ('1338', 'Muy Satisfecho', '30', '2018-11-28 17:24:58', '2018-11-28 17:24:58');
INSERT INTO `respuestas` VALUES ('1339', 'Muy Satisfecho', '30', '2018-11-28 18:23:30', '2018-11-28 18:23:30');
INSERT INTO `respuestas` VALUES ('1340', 'Muy Satisfecho', '30', '2018-11-28 18:35:25', '2018-11-28 18:35:25');
INSERT INTO `respuestas` VALUES ('1341', 'Muy Satisfecho', '30', '2018-11-28 18:35:26', '2018-11-28 18:35:26');
INSERT INTO `respuestas` VALUES ('1342', 'Muy Satisfecho', '30', '2018-11-28 18:42:15', '2018-11-28 18:42:15');
INSERT INTO `respuestas` VALUES ('1343', 'Satisfecho', '30', '2018-11-28 18:58:05', '2018-11-28 18:58:05');
INSERT INTO `respuestas` VALUES ('1344', 'Muy Satisfecho', '30', '2018-11-28 19:31:33', '2018-11-28 19:31:33');
INSERT INTO `respuestas` VALUES ('1345', 'Satisfecho', '30', '2018-11-28 19:48:38', '2018-11-28 19:48:38');
INSERT INTO `respuestas` VALUES ('1346', 'Muy Satisfecho', '30', '2018-11-29 07:53:28', '2018-11-29 07:53:28');
INSERT INTO `respuestas` VALUES ('1347', 'Muy Satisfecho', '138', '2018-11-29 08:07:06', '2018-11-29 08:07:06');
INSERT INTO `respuestas` VALUES ('1348', 'Muy Satisfecho', '138', '2018-11-29 08:07:06', '2018-11-29 08:07:06');
INSERT INTO `respuestas` VALUES ('1349', 'Muy Satisfecho', '138', '2018-11-29 08:07:06', '2018-11-29 08:07:06');
INSERT INTO `respuestas` VALUES ('1350', 'Muy Satisfecho', '137', '2018-11-29 08:09:22', '2018-11-29 08:09:22');
INSERT INTO `respuestas` VALUES ('1351', 'Muy Satisfecho', '138', '2018-11-29 14:33:44', '2018-11-29 14:33:44');
INSERT INTO `respuestas` VALUES ('1352', 'Muy Satisfecho', '138', '2018-11-29 16:14:02', '2018-11-29 16:14:02');
INSERT INTO `respuestas` VALUES ('1353', 'Muy Satisfecho', '138', '2018-11-29 16:40:35', '2018-11-29 16:40:35');
INSERT INTO `respuestas` VALUES ('1354', 'Muy Satisfecho', '138', '2018-11-29 16:40:35', '2018-11-29 16:40:35');
INSERT INTO `respuestas` VALUES ('1355', 'Muy Satisfecho', '30', '2018-11-29 16:45:15', '2018-11-29 16:45:15');
INSERT INTO `respuestas` VALUES ('1356', 'Satisfecho', '138', '2018-11-29 18:31:43', '2018-11-29 18:31:43');
INSERT INTO `respuestas` VALUES ('1357', 'Muy Satisfecho', '138', '2018-11-29 19:27:23', '2018-11-29 19:27:23');
INSERT INTO `respuestas` VALUES ('1358', 'Muy Satisfecho', '138', '2018-11-29 19:27:23', '2018-11-29 19:27:23');
INSERT INTO `respuestas` VALUES ('1359', 'Muy Satisfecho', '137', '2018-11-30 10:13:33', '2018-11-30 10:13:33');
INSERT INTO `respuestas` VALUES ('1360', 'Muy Satisfecho', '137', '2018-11-30 10:28:57', '2018-11-30 10:28:57');
INSERT INTO `respuestas` VALUES ('1361', 'Muy Satisfecho', '30', '2018-11-30 12:11:30', '2018-11-30 12:11:30');
INSERT INTO `respuestas` VALUES ('1362', 'Muy Satisfecho', '30', '2018-11-30 15:16:44', '2018-11-30 15:16:44');
INSERT INTO `respuestas` VALUES ('1363', 'Muy Satisfecho', '30', '2018-11-30 15:35:14', '2018-11-30 15:35:14');
INSERT INTO `respuestas` VALUES ('1364', 'Muy Satisfecho', '30', '2018-11-30 15:59:03', '2018-11-30 15:59:03');
INSERT INTO `respuestas` VALUES ('1365', 'Muy Satisfecho', '30', '2018-11-30 16:23:56', '2018-11-30 16:23:56');
INSERT INTO `respuestas` VALUES ('1366', 'Satisfecho', '30', '2018-11-30 17:41:57', '2018-11-30 17:41:57');
INSERT INTO `respuestas` VALUES ('1367', 'Muy Satisfecho', '30', '2018-11-30 19:05:11', '2018-11-30 19:05:11');
INSERT INTO `respuestas` VALUES ('1368', 'Muy Satisfecho', '30', '2018-11-30 19:05:11', '2018-11-30 19:05:11');
INSERT INTO `respuestas` VALUES ('1369', 'Muy Satisfecho', '30', '2018-11-30 19:05:11', '2018-11-30 19:05:11');
INSERT INTO `respuestas` VALUES ('1370', 'Muy Satisfecho', '137', '2018-12-01 11:06:59', '2018-12-01 11:06:59');
INSERT INTO `respuestas` VALUES ('1371', 'Muy Satisfecho', '137', '2018-12-01 11:06:59', '2018-12-01 11:06:59');
INSERT INTO `respuestas` VALUES ('1372', 'Muy Satisfecho', '137', '2018-12-01 11:06:59', '2018-12-01 11:06:59');
INSERT INTO `respuestas` VALUES ('1373', 'Muy Satisfecho', '30', '2018-12-01 11:41:11', '2018-12-01 11:41:11');
INSERT INTO `respuestas` VALUES ('1374', 'Muy Satisfecho', '30', '2018-12-03 08:00:10', '2018-12-03 08:00:10');
INSERT INTO `respuestas` VALUES ('1375', 'Insatisfecho', '137', '2018-12-03 08:40:48', '2018-12-03 08:40:48');
INSERT INTO `respuestas` VALUES ('1376', 'Muy Satisfecho', '138', '2018-12-03 15:25:55', '2018-12-03 15:25:55');
INSERT INTO `respuestas` VALUES ('1377', 'Muy Satisfecho', '138', '2018-12-04 07:44:59', '2018-12-04 07:44:59');
INSERT INTO `respuestas` VALUES ('1378', 'Muy Satisfecho', '138', '2018-12-04 07:44:59', '2018-12-04 07:44:59');
INSERT INTO `respuestas` VALUES ('1379', 'Muy Satisfecho', '30', '2018-12-04 08:31:12', '2018-12-04 08:31:12');
INSERT INTO `respuestas` VALUES ('1380', 'Muy Satisfecho', '137', '2018-12-04 08:44:26', '2018-12-04 08:44:26');
INSERT INTO `respuestas` VALUES ('1381', 'Muy Satisfecho', '138', '2018-12-04 09:13:12', '2018-12-04 09:13:12');
INSERT INTO `respuestas` VALUES ('1382', 'Muy Satisfecho', '137', '2018-12-04 09:13:24', '2018-12-04 09:13:24');
INSERT INTO `respuestas` VALUES ('1383', 'Muy Satisfecho', '30', '2018-12-04 09:37:23', '2018-12-04 09:37:23');
INSERT INTO `respuestas` VALUES ('1384', 'Muy Satisfecho', '30', '2018-12-04 09:47:48', '2018-12-04 09:47:48');
INSERT INTO `respuestas` VALUES ('1385', 'Muy Satisfecho', '30', '2018-12-04 10:10:36', '2018-12-04 10:10:36');
INSERT INTO `respuestas` VALUES ('1386', 'Muy Satisfecho', '36', '2018-12-04 10:20:06', '2018-12-04 10:20:06');
INSERT INTO `respuestas` VALUES ('1387', 'Muy Satisfecho', '30', '2018-12-04 10:38:12', '2018-12-04 10:38:12');
INSERT INTO `respuestas` VALUES ('1388', 'Muy Satisfecho', '36', '2018-12-04 10:59:07', '2018-12-04 10:59:07');
INSERT INTO `respuestas` VALUES ('1389', 'Muy Satisfecho', '137', '2018-12-04 11:25:11', '2018-12-04 11:25:11');
INSERT INTO `respuestas` VALUES ('1390', 'Muy Satisfecho', '138', '2018-12-04 14:20:56', '2018-12-04 14:20:56');
INSERT INTO `respuestas` VALUES ('1391', 'Muy Satisfecho', '138', '2018-12-04 14:20:56', '2018-12-04 14:20:56');
INSERT INTO `respuestas` VALUES ('1392', 'Muy Satisfecho', '30', '2018-12-04 14:30:16', '2018-12-04 14:30:16');
INSERT INTO `respuestas` VALUES ('1393', 'Muy Satisfecho', '30', '2018-12-04 16:13:24', '2018-12-04 16:13:24');
INSERT INTO `respuestas` VALUES ('1394', null, '30', '2018-12-04 16:13:39', '2018-12-04 16:13:39');
INSERT INTO `respuestas` VALUES ('1395', 'Satisfecho', '30', '2018-12-04 16:13:39', '2018-12-04 16:13:39');
INSERT INTO `respuestas` VALUES ('1396', 'Muy Satisfecho', '30', '2018-12-05 10:32:43', '2018-12-05 10:32:43');
INSERT INTO `respuestas` VALUES ('1397', 'Muy Satisfecho', '30', '2018-12-05 11:01:27', '2018-12-05 11:01:27');
INSERT INTO `respuestas` VALUES ('1398', 'Muy Satisfecho', '30', '2018-12-05 11:01:38', '2018-12-05 11:01:38');
INSERT INTO `respuestas` VALUES ('1399', 'Muy Satisfecho', '30', '2018-12-05 12:16:12', '2018-12-05 12:16:12');
INSERT INTO `respuestas` VALUES ('1400', 'Muy Satisfecho', '138', '2018-12-05 13:59:00', '2018-12-05 13:59:00');
INSERT INTO `respuestas` VALUES ('1401', 'Satisfecho', '138', '2018-12-05 15:13:19', '2018-12-05 15:13:19');
INSERT INTO `respuestas` VALUES ('1402', 'Muy Satisfecho', '138', '2018-12-05 15:31:26', '2018-12-05 15:31:26');
INSERT INTO `respuestas` VALUES ('1403', 'Satisfecho', '138', '2018-12-05 16:08:02', '2018-12-05 16:08:02');
INSERT INTO `respuestas` VALUES ('1404', 'Muy Satisfecho', '137', '2018-12-05 16:38:48', '2018-12-05 16:38:48');
INSERT INTO `respuestas` VALUES ('1405', 'Muy Satisfecho', '138', '2018-12-05 16:39:38', '2018-12-05 16:39:38');
INSERT INTO `respuestas` VALUES ('1406', 'Muy Satisfecho', '138', '2018-12-05 16:39:38', '2018-12-05 16:39:38');
INSERT INTO `respuestas` VALUES ('1407', 'Muy Satisfecho', '138', '2018-12-05 16:39:38', '2018-12-05 16:39:38');
INSERT INTO `respuestas` VALUES ('1408', 'Muy Satisfecho', '138', '2018-12-05 16:39:38', '2018-12-05 16:39:38');
INSERT INTO `respuestas` VALUES ('1409', 'Muy Satisfecho', '137', '2018-12-06 09:26:05', '2018-12-06 09:26:05');
INSERT INTO `respuestas` VALUES ('1410', 'Muy Satisfecho', '30', '2018-12-06 10:28:42', '2018-12-06 10:28:42');
INSERT INTO `respuestas` VALUES ('1411', 'Muy Satisfecho', '30', '2018-12-06 14:27:00', '2018-12-06 14:27:00');
INSERT INTO `respuestas` VALUES ('1412', 'Muy Satisfecho', '30', '2018-12-06 15:16:23', '2018-12-06 15:16:23');
INSERT INTO `respuestas` VALUES ('1413', 'Muy Satisfecho', '138', '2018-12-06 15:37:33', '2018-12-06 15:37:33');
INSERT INTO `respuestas` VALUES ('1414', 'Muy Satisfecho', '138', '2018-12-06 16:31:08', '2018-12-06 16:31:08');
INSERT INTO `respuestas` VALUES ('1415', 'Muy Satisfecho', '137', '2018-12-07 11:15:49', '2018-12-07 11:15:49');
INSERT INTO `respuestas` VALUES ('1416', 'Muy Satisfecho', '137', '2018-12-07 11:16:02', '2018-12-07 11:16:02');
INSERT INTO `respuestas` VALUES ('1417', 'Muy Satisfecho', '138', '2018-12-07 11:24:57', '2018-12-07 11:24:57');
INSERT INTO `respuestas` VALUES ('1418', 'Muy Satisfecho', '30', '2018-12-07 15:05:20', '2018-12-07 15:05:20');
INSERT INTO `respuestas` VALUES ('1419', 'Muy Satisfecho', '30', '2018-12-07 15:10:23', '2018-12-07 15:10:23');
INSERT INTO `respuestas` VALUES ('1420', 'Muy Satisfecho', '30', '2018-12-07 16:32:21', '2018-12-07 16:32:21');
INSERT INTO `respuestas` VALUES ('1421', 'Muy Satisfecho', '137', '2018-12-10 09:35:17', '2018-12-10 09:35:17');
INSERT INTO `respuestas` VALUES ('1422', 'Muy Satisfecho', '137', '2018-12-10 09:41:38', '2018-12-10 09:41:38');
INSERT INTO `respuestas` VALUES ('1423', 'Muy Satisfecho', '138', '2018-12-10 09:47:15', '2018-12-10 09:47:15');
INSERT INTO `respuestas` VALUES ('1424', 'Satisfecho', '137', '2018-12-10 10:47:19', '2018-12-10 10:47:19');
INSERT INTO `respuestas` VALUES ('1425', 'Satisfecho', '137', '2018-12-10 10:47:30', '2018-12-10 10:47:30');
INSERT INTO `respuestas` VALUES ('1426', 'Insatisfecho', '138', '2018-12-10 11:47:08', '2018-12-10 11:47:08');
INSERT INTO `respuestas` VALUES ('1427', 'Muy Satisfecho', '30', '2018-12-10 14:17:04', '2018-12-10 14:17:04');
INSERT INTO `respuestas` VALUES ('1428', 'Insatisfecho', '30', '2018-12-10 15:57:37', '2018-12-10 15:57:37');
INSERT INTO `respuestas` VALUES ('1429', 'Muy Satisfecho', '137', '2018-12-10 16:29:52', '2018-12-10 16:29:52');
INSERT INTO `respuestas` VALUES ('1430', 'Satisfecho', '137', '2018-12-10 16:29:52', '2018-12-10 16:29:52');
INSERT INTO `respuestas` VALUES ('1431', 'Satisfecho', '137', '2018-12-10 16:42:09', '2018-12-10 16:42:09');
INSERT INTO `respuestas` VALUES ('1432', 'Insatisfecho', '137', '2018-12-10 16:57:25', '2018-12-10 16:57:25');
INSERT INTO `respuestas` VALUES ('1433', 'Insatisfecho', '30', '2018-12-10 17:39:45', '2018-12-10 17:39:45');
INSERT INTO `respuestas` VALUES ('1434', 'Muy Satisfecho', '30', '2018-12-10 17:47:10', '2018-12-10 17:47:10');
INSERT INTO `respuestas` VALUES ('1435', 'Muy Satisfecho', '137', '2018-12-10 17:49:05', '2018-12-10 17:49:05');
INSERT INTO `respuestas` VALUES ('1436', 'Muy Satisfecho', '137', '2018-12-10 17:49:05', '2018-12-10 17:49:05');
INSERT INTO `respuestas` VALUES ('1437', 'Muy Satisfecho', '30', '2018-12-10 17:49:15', '2018-12-10 17:49:15');
INSERT INTO `respuestas` VALUES ('1438', 'Muy Satisfecho', '30', '2018-12-10 17:49:15', '2018-12-10 17:49:15');
INSERT INTO `respuestas` VALUES ('1439', 'Muy Satisfecho', '30', '2018-12-10 17:49:16', '2018-12-10 17:49:16');
INSERT INTO `respuestas` VALUES ('1440', 'Muy Satisfecho', '30', '2018-12-10 17:56:11', '2018-12-10 17:56:11');
INSERT INTO `respuestas` VALUES ('1441', 'Muy Satisfecho', '138', '2018-12-11 08:13:28', '2018-12-11 08:13:28');
INSERT INTO `respuestas` VALUES ('1442', 'Muy Satisfecho', '30', '2018-12-11 14:41:36', '2018-12-11 14:41:36');
INSERT INTO `respuestas` VALUES ('1443', 'Muy Satisfecho', '138', '2018-12-12 17:13:30', '2018-12-12 17:13:30');
INSERT INTO `respuestas` VALUES ('1444', 'Muy Satisfecho', '138', '2018-12-12 17:22:23', '2018-12-12 17:22:23');
INSERT INTO `respuestas` VALUES ('1445', 'Muy Satisfecho', '138', '2018-12-13 16:54:19', '2018-12-13 16:54:19');
INSERT INTO `respuestas` VALUES ('1446', 'Muy Satisfecho', '138', '2018-12-13 17:25:53', '2018-12-13 17:25:53');
INSERT INTO `respuestas` VALUES ('1447', 'Satisfecho', '34', '2018-12-17 07:47:33', '2018-12-17 07:47:33');
INSERT INTO `respuestas` VALUES ('1448', 'Satisfecho', '137', '2018-12-17 10:41:53', '2018-12-17 10:41:53');
INSERT INTO `respuestas` VALUES ('1449', 'Muy Satisfecho', '137', '2018-12-17 17:20:42', '2018-12-17 17:20:42');
INSERT INTO `respuestas` VALUES ('1450', 'Muy Satisfecho', '137', '2018-12-18 10:25:36', '2018-12-18 10:25:36');
INSERT INTO `respuestas` VALUES ('1451', 'Muy Satisfecho', '137', '2018-12-18 10:50:09', '2018-12-18 10:50:09');
INSERT INTO `respuestas` VALUES ('1452', null, '137', '2018-12-18 11:26:05', '2018-12-18 11:26:05');
INSERT INTO `respuestas` VALUES ('1453', 'Muy Satisfecho', '137', '2018-12-18 11:28:40', '2018-12-18 11:28:40');
INSERT INTO `respuestas` VALUES ('1454', 'Muy Satisfecho', '137', '2018-12-18 11:28:40', '2018-12-18 11:28:40');
INSERT INTO `respuestas` VALUES ('1455', 'Muy Satisfecho', '137', '2018-12-18 11:29:07', '2018-12-18 11:29:07');
INSERT INTO `respuestas` VALUES ('1456', null, '137', '2018-12-19 09:00:51', '2018-12-19 09:00:51');
INSERT INTO `respuestas` VALUES ('1457', 'Muy Satisfecho', '137', '2018-12-19 11:05:04', '2018-12-19 11:05:04');
INSERT INTO `respuestas` VALUES ('1458', 'Muy Satisfecho', '137', '2018-12-19 11:08:01', '2018-12-19 11:08:01');
INSERT INTO `respuestas` VALUES ('1459', 'Muy Satisfecho', '137', '2018-12-19 11:42:41', '2018-12-19 11:42:41');
INSERT INTO `respuestas` VALUES ('1460', 'Muy Satisfecho', '137', '2018-12-19 15:47:22', '2018-12-19 15:47:22');
INSERT INTO `respuestas` VALUES ('1461', 'Muy Satisfecho', '137', '2018-12-20 09:10:12', '2018-12-20 09:10:12');
INSERT INTO `respuestas` VALUES ('1462', 'Muy Satisfecho', '137', '2018-12-20 09:24:22', '2018-12-20 09:24:22');
INSERT INTO `respuestas` VALUES ('1463', 'Muy Satisfecho', '137', '2018-12-20 09:32:27', '2018-12-20 09:32:27');
INSERT INTO `respuestas` VALUES ('1464', 'Muy Satisfecho', '137', '2018-12-20 10:53:10', '2018-12-20 10:53:10');
INSERT INTO `respuestas` VALUES ('1465', 'Muy Satisfecho', '137', '2018-12-20 11:22:04', '2018-12-20 11:22:04');
INSERT INTO `respuestas` VALUES ('1466', 'Muy Satisfecho', '137', '2018-12-20 11:22:04', '2018-12-20 11:22:04');
INSERT INTO `respuestas` VALUES ('1467', 'Muy Satisfecho', '137', '2018-12-20 12:03:57', '2018-12-20 12:03:57');
INSERT INTO `respuestas` VALUES ('1468', 'Muy Satisfecho', '137', '2018-12-20 16:30:06', '2018-12-20 16:30:06');
INSERT INTO `respuestas` VALUES ('1469', 'Muy Satisfecho', '137', '2018-12-20 16:30:15', '2018-12-20 16:30:15');
INSERT INTO `respuestas` VALUES ('1470', 'Muy Satisfecho', '137', '2018-12-20 16:30:36', '2018-12-20 16:30:36');
INSERT INTO `respuestas` VALUES ('1471', 'Muy Satisfecho', '137', '2018-12-20 18:05:32', '2018-12-20 18:05:32');
INSERT INTO `respuestas` VALUES ('1472', 'Muy Satisfecho', '137', '2018-12-24 10:06:13', '2018-12-24 10:06:13');
INSERT INTO `respuestas` VALUES ('1473', 'Satisfecho', '137', '2018-12-24 11:31:19', '2018-12-24 11:31:19');
INSERT INTO `respuestas` VALUES ('1474', 'Muy Satisfecho', '137', '2018-12-26 10:43:24', '2018-12-26 10:43:24');
INSERT INTO `respuestas` VALUES ('1475', 'Satisfecho', '137', '2018-12-26 11:51:31', '2018-12-26 11:51:31');
INSERT INTO `respuestas` VALUES ('1476', 'Muy Satisfecho', '137', '2018-12-26 12:53:40', '2018-12-26 12:53:40');
INSERT INTO `respuestas` VALUES ('1477', 'Muy Satisfecho', '137', '2018-12-26 12:55:19', '2018-12-26 12:55:19');
INSERT INTO `respuestas` VALUES ('1478', 'Insatisfecho', '87', '2019-01-21 09:46:32', '2019-01-21 09:46:32');
INSERT INTO `respuestas` VALUES ('1479', 'Satisfecho', '73', '2019-01-23 19:02:59', '2019-01-23 19:02:59');
INSERT INTO `respuestas` VALUES ('1480', 'Satisfecho', '73', '2019-01-23 19:42:43', '2019-01-23 19:42:43');
INSERT INTO `respuestas` VALUES ('1481', 'Muy Satisfecho', '53', '2019-01-28 08:44:43', '2019-01-28 08:44:43');
INSERT INTO `respuestas` VALUES ('1482', 'Satisfecho', '53', '2019-01-28 12:29:02', '2019-01-28 12:29:02');
INSERT INTO `respuestas` VALUES ('1483', 'Satisfecho', '53', '2019-01-28 12:29:13', '2019-01-28 12:29:13');
INSERT INTO `respuestas` VALUES ('1484', 'Insatisfecho', '57', '2019-01-29 12:24:29', '2019-01-29 12:24:29');
INSERT INTO `respuestas` VALUES ('1485', 'Insatisfecho', '57', '2019-01-29 12:25:04', '2019-01-29 12:25:04');
INSERT INTO `respuestas` VALUES ('1486', 'Insatisfecho', '57', '2019-01-29 12:25:16', '2019-01-29 12:25:16');
INSERT INTO `respuestas` VALUES ('1487', 'Insatisfecho', '57', '2019-01-29 12:26:23', '2019-01-29 12:26:23');
INSERT INTO `respuestas` VALUES ('1488', 'Insatisfecho', '57', '2019-01-29 12:26:38', '2019-01-29 12:26:38');
INSERT INTO `respuestas` VALUES ('1489', 'Insatisfecho', '57', '2019-01-29 12:26:52', '2019-01-29 12:26:52');
INSERT INTO `respuestas` VALUES ('1490', 'Insatisfecho', '57', '2019-01-29 12:27:06', '2019-01-29 12:27:06');
INSERT INTO `respuestas` VALUES ('1491', 'Insatisfecho', '69', '2019-01-29 13:40:59', '2019-01-29 13:40:59');
INSERT INTO `respuestas` VALUES ('1492', 'Satisfecho', '77', '2019-01-30 14:32:48', '2019-01-30 14:32:48');
INSERT INTO `respuestas` VALUES ('1493', 'Satisfecho', '77', '2019-01-30 14:33:12', '2019-01-30 14:33:12');
INSERT INTO `respuestas` VALUES ('1494', 'Satisfecho', '77', '2019-01-30 14:33:28', '2019-01-30 14:33:28');
INSERT INTO `respuestas` VALUES ('1495', 'Satisfecho', '77', '2019-01-30 14:33:28', '2019-01-30 14:33:28');
INSERT INTO `respuestas` VALUES ('1496', 'Insatisfecho', '70', '2019-02-01 18:25:08', '2019-02-01 18:25:08');
INSERT INTO `respuestas` VALUES ('1497', 'Insatisfecho', '141', '2019-02-02 12:31:14', '2019-02-02 12:31:14');
INSERT INTO `respuestas` VALUES ('1498', 'Satisfecho', '141', '2019-02-02 12:31:34', '2019-02-02 12:31:34');
INSERT INTO `respuestas` VALUES ('1499', 'Satisfecho', '141', '2019-02-02 12:31:34', '2019-02-02 12:31:34');
INSERT INTO `respuestas` VALUES ('1500', 'Muy Satisfecho', '139', '2019-02-02 13:03:50', '2019-02-02 13:03:50');
INSERT INTO `respuestas` VALUES ('1501', 'Muy Satisfecho', '139', '2019-02-02 13:05:01', '2019-02-02 13:05:01');
INSERT INTO `respuestas` VALUES ('1502', 'Muy Satisfecho', '77', '2019-02-04 11:22:49', '2019-02-04 11:22:49');
INSERT INTO `respuestas` VALUES ('1503', 'Muy Satisfecho', '80', '2019-02-04 14:09:57', '2019-02-04 14:09:57');
INSERT INTO `respuestas` VALUES ('1504', 'Muy Satisfecho', '53', '2019-02-07 10:16:43', '2019-02-07 10:16:43');
INSERT INTO `respuestas` VALUES ('1505', 'Satisfecho', '149', '2019-02-08 09:59:40', '2019-02-08 09:59:40');
INSERT INTO `respuestas` VALUES ('1506', 'Satisfecho', '77', '2019-02-13 09:30:46', '2019-02-13 09:30:46');
INSERT INTO `respuestas` VALUES ('1507', 'Muy Satisfecho', '75', '2019-02-15 13:18:30', '2019-02-15 13:18:30');
INSERT INTO `respuestas` VALUES ('1508', 'Insatisfecho', '75', '2019-02-15 13:18:54', '2019-02-15 13:18:54');
INSERT INTO `respuestas` VALUES ('1509', 'Insatisfecho', '75', '2019-02-15 13:19:24', '2019-02-15 13:19:24');
INSERT INTO `respuestas` VALUES ('1510', 'Muy Satisfecho', '75', '2019-02-15 13:19:27', '2019-02-15 13:19:27');
INSERT INTO `respuestas` VALUES ('1511', 'Insatisfecho', '58', '2019-02-15 13:22:27', '2019-02-15 13:22:27');
INSERT INTO `respuestas` VALUES ('1512', 'Insatisfecho', '83', '2019-02-19 09:44:03', '2019-02-19 09:44:03');
INSERT INTO `respuestas` VALUES ('1513', 'Insatisfecho', '85', '2019-02-19 09:45:54', '2019-02-19 09:45:54');
INSERT INTO `respuestas` VALUES ('1514', 'Insatisfecho', '83', '2019-02-19 09:46:11', '2019-02-19 09:46:11');
INSERT INTO `respuestas` VALUES ('1515', 'Muy Satisfecho', '74', '2019-02-27 17:33:00', '2019-02-27 17:33:00');
INSERT INTO `respuestas` VALUES ('1516', 'Insatisfecho', '58', '2019-03-06 13:42:00', '2019-03-06 13:42:00');
INSERT INTO `respuestas` VALUES ('1517', 'Satisfecho', '88', '2019-03-07 19:52:30', '2019-03-07 19:52:30');
INSERT INTO `respuestas` VALUES ('1518', 'Satisfecho', '77', '2019-03-11 18:24:37', '2019-03-11 18:24:37');
INSERT INTO `respuestas` VALUES ('1519', 'Satisfecho', '70', '2019-03-14 17:06:43', '2019-03-14 17:06:43');
INSERT INTO `respuestas` VALUES ('1520', 'Muy Satisfecho', '135', '2019-03-16 12:29:17', '2019-03-16 12:29:17');
INSERT INTO `respuestas` VALUES ('1521', 'Muy Satisfecho', '135', '2019-03-16 12:29:29', '2019-03-16 12:29:29');
INSERT INTO `respuestas` VALUES ('1522', 'Insatisfecho', '153', '2019-03-22 11:29:01', '2019-03-22 11:29:01');
INSERT INTO `respuestas` VALUES ('1523', 'Insatisfecho', '153', '2019-03-22 11:34:58', '2019-03-22 11:34:58');
INSERT INTO `respuestas` VALUES ('1524', 'Insatisfecho', '153', '2019-04-02 09:20:28', '2019-04-02 09:20:28');
INSERT INTO `respuestas` VALUES ('1525', 'Muy Satisfecho', '153', '2019-04-02 10:22:39', '2019-04-02 10:22:39');
INSERT INTO `respuestas` VALUES ('1526', 'Insatisfecho', '153', '2019-04-02 12:04:28', '2019-04-02 12:04:28');
INSERT INTO `respuestas` VALUES ('1527', 'Satisfecho', '86', '2019-04-03 12:56:47', '2019-04-03 12:56:47');
INSERT INTO `respuestas` VALUES ('1528', 'Insatisfecho', '86', '2019-04-03 20:13:24', '2019-04-03 20:13:24');
INSERT INTO `respuestas` VALUES ('1529', 'Insatisfecho', '86', '2019-04-03 20:13:30', '2019-04-03 20:13:30');
INSERT INTO `respuestas` VALUES ('1530', 'Insatisfecho', '153', '2019-04-04 09:41:44', '2019-04-04 09:41:44');
INSERT INTO `respuestas` VALUES ('1531', 'Insatisfecho', '153', '2019-04-04 09:49:57', '2019-04-04 09:49:57');
INSERT INTO `respuestas` VALUES ('1532', 'Satisfecho', '141', '2019-04-08 07:50:32', '2019-04-08 07:50:32');
INSERT INTO `respuestas` VALUES ('1533', 'Insatisfecho', '53', '2019-04-22 13:52:09', '2019-04-22 13:52:09');
INSERT INTO `respuestas` VALUES ('1534', 'Satisfecho', '80', '2019-04-23 17:58:44', '2019-04-23 17:58:44');
INSERT INTO `respuestas` VALUES ('1535', 'Muy Satisfecho', '72', '2019-04-23 18:08:31', '2019-04-23 18:08:31');
INSERT INTO `respuestas` VALUES ('1536', 'Muy Satisfecho', '72', '2019-04-23 18:08:45', '2019-04-23 18:08:45');
INSERT INTO `respuestas` VALUES ('1537', 'Insatisfecho', '53', '2019-04-23 21:05:51', '2019-04-23 21:05:51');
INSERT INTO `respuestas` VALUES ('1538', 'Insatisfecho', '53', '2019-04-23 21:06:24', '2019-04-23 21:06:24');
INSERT INTO `respuestas` VALUES ('1539', 'Insatisfecho', '53', '2019-04-23 21:06:51', '2019-04-23 21:06:51');
INSERT INTO `respuestas` VALUES ('1540', 'Muy Satisfecho', '80', '2019-04-25 09:44:37', '2019-04-25 09:44:37');
INSERT INTO `respuestas` VALUES ('1541', 'Insatisfecho', '70', '2019-04-30 13:56:30', '2019-04-30 13:56:30');
INSERT INTO `respuestas` VALUES ('1542', 'Insatisfecho', '70', '2019-04-30 13:57:21', '2019-04-30 13:57:21');
INSERT INTO `respuestas` VALUES ('1543', 'Insatisfecho', '139', '2019-05-08 13:57:49', '2019-05-08 13:57:49');
INSERT INTO `respuestas` VALUES ('1544', 'Insatisfecho', '146', '2019-05-10 20:15:32', '2019-05-10 20:15:32');
INSERT INTO `respuestas` VALUES ('1545', 'Insatisfecho', '58', '2019-05-17 20:14:34', '2019-05-17 20:14:34');
INSERT INTO `respuestas` VALUES ('1546', 'Satisfecho', '83', '2019-05-20 19:31:43', '2019-05-20 19:31:43');
INSERT INTO `respuestas` VALUES ('1547', 'Satisfecho', '143', '2019-05-21 08:59:30', '2019-05-21 08:59:30');
INSERT INTO `respuestas` VALUES ('1548', 'Satisfecho', '87', '2019-05-21 20:01:58', '2019-05-21 20:01:58');
INSERT INTO `respuestas` VALUES ('1549', 'Satisfecho', '85', '2019-05-31 10:04:29', '2019-05-31 10:04:29');
INSERT INTO `respuestas` VALUES ('1550', 'Insatisfecho', '145', '2019-06-06 18:37:20', '2019-06-06 18:37:20');
INSERT INTO `respuestas` VALUES ('1551', 'Insatisfecho', '145', '2019-06-06 18:37:34', '2019-06-06 18:37:34');
INSERT INTO `respuestas` VALUES ('1552', 'Satisfecho', '80', '2019-08-01 16:48:40', '2019-08-01 16:48:40');
INSERT INTO `respuestas` VALUES ('1553', 'Satisfecho', '80', '2019-08-01 16:48:41', '2019-08-01 16:48:41');
INSERT INTO `respuestas` VALUES ('1554', 'Satisfecho', '80', '2019-08-01 16:48:52', '2019-08-01 16:48:52');
INSERT INTO `respuestas` VALUES ('1555', 'Muy Satisfecho', '88', '2019-08-02 10:50:03', '2019-08-02 10:50:03');
INSERT INTO `respuestas` VALUES ('1556', 'Insatisfecho', '77', '2019-08-06 17:18:47', '2019-08-06 17:18:47');
INSERT INTO `respuestas` VALUES ('1557', 'Muy Satisfecho', '89', '2019-08-09 16:08:55', '2019-08-09 16:08:55');
INSERT INTO `respuestas` VALUES ('1558', 'Insatisfecho', '70', '2019-08-09 16:56:21', '2019-08-09 16:56:21');
INSERT INTO `respuestas` VALUES ('1559', 'Satisfecho', '70', '2019-08-09 16:56:25', '2019-08-09 16:56:25');
INSERT INTO `respuestas` VALUES ('1560', 'Satisfecho', '87', '2019-08-09 18:07:46', '2019-08-09 18:07:46');
INSERT INTO `respuestas` VALUES ('1561', 'Insatisfecho', '76', '2019-08-12 15:56:41', '2019-08-12 15:56:41');
INSERT INTO `respuestas` VALUES ('1562', 'Insatisfecho', '76', '2019-08-12 15:57:02', '2019-08-12 15:57:02');
INSERT INTO `respuestas` VALUES ('1563', 'Insatisfecho', '76', '2019-08-12 15:57:23', '2019-08-12 15:57:23');
INSERT INTO `respuestas` VALUES ('1564', 'Satisfecho', '79', '2019-08-21 09:53:02', '2019-08-21 09:53:02');
INSERT INTO `respuestas` VALUES ('1565', 'Insatisfecho', '98', '2019-08-27 19:54:53', '2019-08-27 19:54:53');

-- ----------------------------
-- Table structure for respuestas_opciones
-- ----------------------------
DROP TABLE IF EXISTS `respuestas_opciones`;
CREATE TABLE `respuestas_opciones` (
  `id` int(11) NOT NULL AUTO_INCREMENT,
  `id_respuesta` int(11) NOT NULL,
  `id_lopciones` varchar(255) COLLATE utf8mb4_unicode_ci DEFAULT NULL,
  `created_at` timestamp NOT NULL DEFAULT CURRENT_TIMESTAMP,
  `updated_at` timestamp NOT NULL DEFAULT CURRENT_TIMESTAMP ON UPDATE CURRENT_TIMESTAMP,
  PRIMARY KEY (`id`) USING BTREE,
  KEY `id_respuesta` (`id_respuesta`),
  CONSTRAINT `id_respuesta` FOREIGN KEY (`id_respuesta`) REFERENCES `respuestas` (`id`) ON DELETE CASCADE ON UPDATE CASCADE
) ENGINE=InnoDB AUTO_INCREMENT=159 DEFAULT CHARSET=utf8mb4 COLLATE=utf8mb4_unicode_ci ROW_FORMAT=COMPACT;

-- ----------------------------
-- Records of respuestas_opciones
-- ----------------------------
INSERT INTO `respuestas_opciones` VALUES ('111', '1071', '287', '2020-12-04 11:02:57', '2020-12-04 11:02:57');
INSERT INTO `respuestas_opciones` VALUES ('112', '1074', '280', '2020-12-04 11:02:57', '2020-12-04 11:02:57');
INSERT INTO `respuestas_opciones` VALUES ('113', '1076', '194', '2020-12-04 11:02:57', '2020-12-04 11:02:57');
INSERT INTO `respuestas_opciones` VALUES ('114', '1084', '291', '2020-12-04 11:02:57', '2020-12-04 11:02:57');
INSERT INTO `respuestas_opciones` VALUES ('115', '1238', '370', '2020-12-04 11:02:57', '2020-12-04 11:02:57');
INSERT INTO `respuestas_opciones` VALUES ('116', '1426', '371', '2020-12-04 11:02:57', '2020-12-04 11:02:57');
INSERT INTO `respuestas_opciones` VALUES ('117', '1428', '35', '2020-12-04 11:02:57', '2020-12-04 11:02:57');
INSERT INTO `respuestas_opciones` VALUES ('118', '1433', '35', '2020-12-04 11:02:57', '2020-12-04 11:02:57');
INSERT INTO `respuestas_opciones` VALUES ('119', '1478', '299', '2020-12-04 11:02:57', '2020-12-04 11:02:57');
INSERT INTO `respuestas_opciones` VALUES ('120', '1484', '194', '2020-12-04 11:02:57', '2020-12-04 11:02:57');
INSERT INTO `respuestas_opciones` VALUES ('121', '1485', '194', '2020-12-04 11:02:57', '2020-12-04 11:02:57');
INSERT INTO `respuestas_opciones` VALUES ('122', '1486', '194', '2020-12-04 11:02:57', '2020-12-04 11:02:57');
INSERT INTO `respuestas_opciones` VALUES ('123', '1487', '194', '2020-12-04 11:02:57', '2020-12-04 11:02:57');
INSERT INTO `respuestas_opciones` VALUES ('124', '1488', '194', '2020-12-04 11:02:57', '2020-12-04 11:02:57');
INSERT INTO `respuestas_opciones` VALUES ('125', '1489', '194', '2020-12-04 11:02:57', '2020-12-04 11:02:57');
INSERT INTO `respuestas_opciones` VALUES ('126', '1490', '194', '2020-12-04 11:02:57', '2020-12-04 11:02:57');
INSERT INTO `respuestas_opciones` VALUES ('127', '1496', '263', '2020-12-04 11:02:57', '2020-12-04 11:02:57');
INSERT INTO `respuestas_opciones` VALUES ('128', '1497', '377', '2020-12-04 11:02:57', '2020-12-04 11:02:57');
INSERT INTO `respuestas_opciones` VALUES ('129', '1497', '378', '2020-12-04 11:02:57', '2020-12-04 11:02:57');
INSERT INTO `respuestas_opciones` VALUES ('130', '1512', '291', '2020-12-04 11:02:57', '2020-12-04 11:02:57');
INSERT INTO `respuestas_opciones` VALUES ('131', '1512', '292', '2020-12-04 11:02:57', '2020-12-04 11:02:57');
INSERT INTO `respuestas_opciones` VALUES ('132', '1514', '291', '2020-12-04 11:02:57', '2020-12-04 11:02:57');
INSERT INTO `respuestas_opciones` VALUES ('133', '1514', '292', '2020-12-04 11:02:57', '2020-12-04 11:02:57');
INSERT INTO `respuestas_opciones` VALUES ('134', '1516', '198', '2020-12-04 11:02:57', '2020-12-04 11:02:57');
INSERT INTO `respuestas_opciones` VALUES ('135', '1516', '199', '2020-12-04 11:02:57', '2020-12-04 11:02:57');
INSERT INTO `respuestas_opciones` VALUES ('136', '1524', '404', '2020-12-04 11:02:57', '2020-12-04 11:02:57');
INSERT INTO `respuestas_opciones` VALUES ('137', '1526', '401', '2020-12-04 11:02:57', '2020-12-04 11:02:57');
INSERT INTO `respuestas_opciones` VALUES ('138', '1526', '402', '2020-12-04 11:02:57', '2020-12-04 11:02:57');
INSERT INTO `respuestas_opciones` VALUES ('139', '1526', '403', '2020-12-04 11:02:57', '2020-12-04 11:02:57');
INSERT INTO `respuestas_opciones` VALUES ('140', '1526', '404', '2020-12-04 11:02:57', '2020-12-04 11:02:57');
INSERT INTO `respuestas_opciones` VALUES ('141', '1530', '402', '2020-12-04 11:02:57', '2020-12-04 11:02:57');
INSERT INTO `respuestas_opciones` VALUES ('142', '1533', '182', '2020-12-04 11:02:57', '2020-12-04 11:02:57');
INSERT INTO `respuestas_opciones` VALUES ('143', '1537', '183', '2020-12-04 11:02:57', '2020-12-04 11:02:57');
INSERT INTO `respuestas_opciones` VALUES ('144', '1538', '183', '2020-12-04 11:02:57', '2020-12-04 11:02:57');
INSERT INTO `respuestas_opciones` VALUES ('145', '1539', '183', '2020-12-04 11:02:57', '2020-12-04 11:02:57');
INSERT INTO `respuestas_opciones` VALUES ('146', '1541', '263', '2020-12-04 11:02:57', '2020-12-04 11:02:57');
INSERT INTO `respuestas_opciones` VALUES ('147', '1542', '263', '2020-12-04 11:02:57', '2020-12-04 11:02:57');
INSERT INTO `respuestas_opciones` VALUES ('148', '1543', '266', '2020-12-04 11:02:57', '2020-12-04 11:02:57');
INSERT INTO `respuestas_opciones` VALUES ('149', '1544', '387', '2020-12-04 11:02:57', '2020-12-04 11:02:57');
INSERT INTO `respuestas_opciones` VALUES ('150', '1544', '388', '2020-12-04 11:02:57', '2020-12-04 11:02:57');
INSERT INTO `respuestas_opciones` VALUES ('151', '1545', '198', '2020-12-04 11:02:57', '2020-12-04 11:02:57');
INSERT INTO `respuestas_opciones` VALUES ('152', '1556', '280', '2020-12-04 11:02:57', '2020-12-04 11:02:57');
INSERT INTO `respuestas_opciones` VALUES ('153', '1561', '277', '2020-12-04 11:02:57', '2020-12-04 11:02:57');
INSERT INTO `respuestas_opciones` VALUES ('154', '1561', '278', '2020-12-04 11:02:57', '2020-12-04 11:02:57');
INSERT INTO `respuestas_opciones` VALUES ('155', '1562', '278', '2020-12-04 11:02:57', '2020-12-04 11:02:57');
INSERT INTO `respuestas_opciones` VALUES ('156', '1563', '277', '2020-12-04 11:02:57', '2020-12-04 11:02:57');
INSERT INTO `respuestas_opciones` VALUES ('157', '1565', '321', '2020-12-04 11:02:57', '2020-12-04 11:02:57');
INSERT INTO `respuestas_opciones` VALUES ('158', '1565', '322', '2020-12-04 11:02:57', '2020-12-04 11:02:57');

-- ----------------------------
-- Table structure for sedes
-- ----------------------------
DROP TABLE IF EXISTS `sedes`;
CREATE TABLE `sedes` (
  `id` int(11) NOT NULL AUTO_INCREMENT,
  `sede` varchar(255) COLLATE utf8mb4_unicode_ci NOT NULL,
  `created_at` timestamp NOT NULL DEFAULT CURRENT_TIMESTAMP,
  `updated_at` timestamp NOT NULL DEFAULT CURRENT_TIMESTAMP ON UPDATE CURRENT_TIMESTAMP,
  PRIMARY KEY (`id`) USING BTREE
) ENGINE=InnoDB AUTO_INCREMENT=9 DEFAULT CHARSET=utf8mb4 COLLATE=utf8mb4_unicode_ci ROW_FORMAT=COMPACT;

-- ----------------------------
-- Records of sedes
-- ----------------------------
INSERT INTO `sedes` VALUES ('1', 'Campus', '2020-12-04 11:02:57', '2020-12-06 11:05:18');
INSERT INTO `sedes` VALUES ('2', 'BOGOTA', '2020-12-04 11:02:57', '2020-12-06 11:06:32');
INSERT INTO `sedes` VALUES ('3', 'Plaza', '2020-12-04 11:02:57', '2020-12-06 11:06:43');
INSERT INTO `sedes` VALUES ('4', 'Bogota 2', '2020-12-04 11:02:57', '2020-12-06 11:06:55');
INSERT INTO `sedes` VALUES ('5', 'Campus universitario', '2020-12-04 11:02:57', '2020-12-04 11:02:57');
INSERT INTO `sedes` VALUES ('6', 'Sede de admisiones', '2020-12-04 11:02:57', '2020-12-04 11:02:57');
INSERT INTO `sedes` VALUES ('7', 'Consultorio Sistemas', '2020-12-04 11:02:57', '2020-12-06 11:07:02');
INSERT INTO `sedes` VALUES ('8', 'Consultorio Juridico', '2020-12-04 11:02:57', '2020-12-04 11:02:57');

-- ----------------------------
-- Table structure for users
-- ----------------------------
DROP TABLE IF EXISTS `users`;
CREATE TABLE `users` (
  `id` int(10) unsigned NOT NULL AUTO_INCREMENT,
  `name` varchar(191) COLLATE utf8mb4_unicode_ci NOT NULL,
  `email` varchar(191) COLLATE utf8mb4_unicode_ci NOT NULL,
  `password` varchar(191) COLLATE utf8mb4_unicode_ci NOT NULL,
  `avatar` varchar(191) COLLATE utf8mb4_unicode_ci DEFAULT NULL,
  `role` int(11) NOT NULL DEFAULT '0',
  `bio` text COLLATE utf8mb4_unicode_ci,
  `remember_token` varchar(100) COLLATE utf8mb4_unicode_ci DEFAULT NULL,
  `created_at` timestamp NULL DEFAULT NULL,
  `updated_at` timestamp NULL DEFAULT NULL,
  PRIMARY KEY (`id`) USING BTREE,
  UNIQUE KEY `users_email_unique` (`email`) USING BTREE
) ENGINE=InnoDB AUTO_INCREMENT=9 DEFAULT CHARSET=utf8mb4 COLLATE=utf8mb4_unicode_ci ROW_FORMAT=COMPACT;

-- ----------------------------
-- Records of users
-- ----------------------------
INSERT INTO `users` VALUES ('1', 'Administrador', 'fgaviria5247@universidadean.edu.co', '$2y$10$Auadv/AijNB09x00GNyFmOdq/S0JoKgne.IFryP1jXab9nC6O7tFq', 'user2-160x160.jpg', '10', null, '3cRwIIdnBfiGZjPyZFIvHN6ySBmFubFcKmxhaaFB1K4vQ0Ca8yJHB3DD1Atz', null, '2019-04-24 15:35:16');
SET FOREIGN_KEY_CHECKS=1;
